20.006565140 300.0
20.019695423 275.0
20.032825705 287.0
20.045955988 320.0
20.059086271 283.0
20.072216553 277.0
20.085346836 259.0
20.098477119 318.0
20.111607401 295.0
20.124737684 265.0
20.137867967 272.0
20.150998249 310.0
20.164128532 292.0
20.177258815 334.0
20.190389097 274.0
20.203519380 293.0
20.216649663 310.0
20.229779946 308.0
20.242910228 279.0
20.256040511 282.0
20.269170794 338.0
20.282301076 295.0
20.295431359 318.0
20.308561642 269.0
20.321691924 294.0
20.334822207 297.0
20.347952490 304.0
20.361082772 241.0
20.374213055 290.0
20.387343338 271.0
20.400473620 298.0
20.413603903 284.0
20.426734186 266.0
20.439864468 283.0
20.452994751 287.0
20.466125034 300.0
20.479255316 294.0
20.492385599 297.0
20.505515882 290.0
20.518646164 296.0
20.531776447 292.0
20.544906730 295.0
20.558037012 280.0
20.571167295 297.0
20.584297578 324.0
20.597427860 270.0
20.610558143 270.0
20.623688426 264.0
20.636818709 308.0
20.649948991 269.0
20.663079274 312.0
20.676209557 295.0
20.689339839 291.0
20.702470122 290.0
20.715600405 290.0
20.728730687 239.0
20.741860970 272.0
20.754991253 259.0
20.768121535 261.0
20.781251818 297.0
20.794382101 269.0
20.807512383 278.0
20.820642666 247.0
20.833772949 259.0
20.846903231 258.0
20.860033514 257.0
20.873163797 259.0
20.886294079 270.0
20.899424362 299.0
20.912554645 246.0
20.925684927 269.0
20.938815210 274.0
20.951945493 260.0
20.965075775 238.0
20.978206058 262.0
20.991336341 267.0
21.004466623 258.0
21.017596906 292.0
21.030727189 245.0
21.043857472 291.0
21.056987754 268.0
21.070118037 277.0
21.083248320 282.0
21.096378602 274.0
21.109508885 265.0
21.122639168 287.0
21.135769450 270.0
21.148899733 243.0
21.162030016 244.0
21.175160298 291.0
21.188290581 269.0
21.201420864 271.0
21.214551146 265.0
21.227681429 256.0
21.240811712 244.0
21.253941994 261.0
21.267072277 241.0
21.280202560 283.0
21.293332842 262.0
21.306463125 256.0
21.319593408 286.0
21.332723690 262.0
21.345853973 270.0
21.358984256 293.0
21.372114538 292.0
21.385244821 277.0
21.398375104 300.0
21.411505386 294.0
21.424635669 286.0
21.437765952 293.0
21.450896235 311.0
21.464026517 299.0
21.477156800 273.0
21.490287083 272.0
21.503417365 284.0
21.516547648 283.0
21.529677931 296.0
21.542808213 286.0
21.555938496 272.0
21.569068779 283.0
21.582199061 285.0
21.595329344 275.0
21.608459627 309.0
21.621589909 271.0
21.634720192 259.0
21.647850475 289.0
21.660980757 279.0
21.674111040 271.0
21.687241323 267.0
21.700371605 283.0
21.713501888 289.0
21.726632171 270.0
21.739762453 280.0
21.752892736 266.0
21.766023019 277.0
21.779153301 284.0
21.792283584 266.0
21.805413867 279.0
21.818544149 276.0
21.831674432 278.0
21.844804715 268.0
21.857934997 278.0
21.871065280 248.0
21.884195563 303.0
21.897325846 287.0
21.910456128 271.0
21.923586411 259.0
21.936716694 291.0
21.949846976 282.0
21.962977259 290.0
21.976107542 275.0
21.989237824 271.0
22.002368107 264.0
22.015498390 279.0
22.028628672 241.0
22.041758955 238.0
22.054889238 263.0
22.068019520 269.0
22.081149803 288.0
22.094280086 297.0
22.107410368 263.0
22.120540651 295.0
22.133670934 264.0
22.146801216 288.0
22.159931499 271.0
22.173061782 283.0
22.186192064 273.0
22.199322347 267.0
22.212452630 275.0
22.225582912 269.0
22.238713195 276.0
22.251843478 258.0
22.264973760 316.0
22.278104043 273.0
22.291234326 249.0
22.304364609 271.0
22.317494891 246.0
22.330625174 286.0
22.343755457 243.0
22.356885739 270.0
22.370016022 258.0
22.383146305 242.0
22.396276587 273.0
22.409406870 250.0
22.422537153 245.0
22.435667435 242.0
22.448797718 295.0
22.461928001 237.0
22.475058283 262.0
22.488188566 259.0
22.501318849 234.0
22.514449131 267.0
22.527579414 243.0
22.540709697 270.0
22.553839979 277.0
22.566970262 261.0
22.580100545 268.0
22.593230827 237.0
22.606361110 256.0
22.619491393 242.0
22.632621675 245.0
22.645751958 273.0
22.658882241 269.0
22.672012523 265.0
22.685142806 276.0
22.698273089 284.0
22.711403372 212.0
22.724533654 276.0
22.737663937 275.0
22.750794220 266.0
22.763924502 240.0
22.777054785 249.0
22.790185068 264.0
22.803315350 269.0
22.816445633 265.0
22.829575916 240.0
22.842706198 256.0
22.855836481 258.0
22.868966764 269.0
22.882097046 239.0
22.895227329 239.0
22.908357612 259.0
22.921487894 256.0
22.934618177 234.0
22.947748460 280.0
22.960878742 264.0
22.974009025 278.0
22.987139308 235.0
23.000269590 245.0
23.013399873 243.0
23.026530156 272.0
23.039660438 241.0
23.052790721 237.0
23.065921004 263.0
23.079051286 269.0
23.092181569 225.0
23.105311852 257.0
23.118442135 243.0
23.131572417 214.0
23.144702700 233.0
23.157832983 294.0
23.170963265 232.0
23.184093548 247.0
23.197223831 241.0
23.210354113 199.0
23.223484396 228.0
23.236614679 233.0
23.249744961 240.0
23.262875244 225.0
23.276005527 284.0
23.289135809 217.0
23.302266092 234.0
23.315396375 233.0
23.328526657 216.0
23.341656940 236.0
23.354787223 226.0
23.367917505 233.0
23.381047788 235.0
23.394178071 278.0
23.407308353 245.0
23.420438636 218.0
23.433568919 219.0
23.446699201 238.0
23.459829484 242.0
23.472959767 243.0
23.486090049 282.0
23.499220332 237.0
23.512350615 233.0
23.525480898 216.0
23.538611180 228.0
23.551741463 232.0
23.564871746 256.0
23.578002028 216.0
23.591132311 230.0
23.604262594 238.0
23.617392876 250.0
23.630523159 266.0
23.643653442 229.0
23.656783724 248.0
23.669914007 233.0
23.683044290 240.0
23.696174572 237.0
23.709304855 260.0
23.722435138 222.0
23.735565420 231.0
23.748695703 292.0
23.761825986 236.0
23.774956268 247.0
23.788086551 238.0
23.801216834 212.0
23.814347116 236.0
23.827477399 225.0
23.840607682 225.0
23.853737964 223.0
23.866868247 260.0
23.879998530 221.0
23.893128812 268.0
23.906259095 250.0
23.919389378 226.0
23.932519661 211.0
23.945649943 230.0
23.958780226 257.0
23.971910509 260.0
23.985040791 242.0
23.998171074 237.0
24.011301357 284.0
24.024431639 269.0
24.037561922 249.0
24.050692205 228.0
24.063822487 262.0
24.076952770 223.0
24.090083053 263.0
24.103213335 231.0
24.116343618 248.0
24.129473901 270.0
24.142604183 267.0
24.155734466 257.0
24.168864749 269.0
24.181995031 260.0
24.195125314 233.0
24.208255597 212.0
24.221385879 223.0
24.234516162 246.0
24.247646445 258.0
24.260776727 229.0
24.273907010 245.0
24.287037293 239.0
24.300167575 220.0
24.313297858 274.0
24.326428141 264.0
24.339558424 235.0
24.352688706 268.0
24.365818989 218.0
24.378949272 235.0
24.392079554 262.0
24.405209837 258.0
24.418340120 264.0
24.431470402 214.0
24.444600685 248.0
24.457730968 242.0
24.470861250 243.0
24.483991533 275.0
24.497121816 237.0
24.510252098 292.0
24.523382381 220.0
24.536512664 226.0
24.549642946 214.0
24.562773229 230.0
24.575903512 259.0
24.589033794 269.0
24.602164077 218.0
24.615294360 258.0
24.628424642 236.0
24.641554925 234.0
24.654685208 226.0
24.667815490 242.0
24.680945773 223.0
24.694076056 226.0
24.707206338 225.0
24.720336621 234.0
24.733466904 237.0
24.746597187 244.0
24.759727469 227.0
24.772857752 241.0
24.785988035 214.0
24.799118317 228.0
24.812248600 232.0
24.825378883 243.0
24.838509165 240.0
24.851639448 231.0
24.864769731 219.0
24.877900013 230.0
24.891030296 229.0
24.904160579 219.0
24.917290861 246.0
24.930421144 212.0
24.943551427 232.0
24.956681709 236.0
24.969811992 256.0
24.982942275 228.0
24.996072557 239.0
25.009202840 267.0
25.022333123 217.0
25.035463405 227.0
25.048593688 229.0
25.061723971 249.0
25.074854253 208.0
25.087984536 239.0
25.101114819 196.0
25.114245101 238.0
25.127375384 194.0
25.140505667 215.0
25.153635950 218.0
25.166766232 212.0
25.179896515 203.0
25.193026798 199.0
25.206157080 241.0
25.219287363 215.0
25.232417646 224.0
25.245547928 230.0
25.258678211 244.0
25.271808494 242.0
25.284938776 242.0
25.298069059 230.0
25.311199342 241.0
25.324329624 262.0
25.337459907 227.0
25.350590190 203.0
25.363720472 227.0
25.376850755 198.0
25.389981038 229.0
25.403111320 225.0
25.416241603 233.0
25.429371886 206.0
25.442502168 227.0
25.455632451 223.0
25.468762734 222.0
25.481893016 207.0
25.495023299 235.0
25.508153582 225.0
25.521283864 239.0
25.534414147 211.0
25.547544430 220.0
25.560674712 203.0
25.573804995 217.0
25.586935278 214.0
25.600065561 238.0
25.613195843 213.0
25.626326126 215.0
25.639456409 210.0
25.652586691 239.0
25.665716974 223.0
25.678847257 222.0
25.691977539 238.0
25.705107822 233.0
25.718238105 201.0
25.731368387 214.0
25.744498670 217.0
25.757628953 223.0
25.770759235 225.0
25.783889518 209.0
25.797019801 225.0
25.810150083 205.0
25.823280366 228.0
25.836410649 236.0
25.849540931 246.0
25.862671214 231.0
25.875801497 198.0
25.888931779 191.0
25.902062062 216.0
25.915192345 236.0
25.928322627 233.0
25.941452910 208.0
25.954583193 232.0
25.967713475 215.0
25.980843758 249.0
25.993974041 224.0
26.007104324 215.0
26.020234606 240.0
26.033364889 232.0
26.046495172 187.0
26.059625454 209.0
26.072755737 203.0
26.085886020 225.0
26.099016302 192.0
26.112146585 236.0
26.125276868 200.0
26.138407150 215.0
26.151537433 239.0
26.164667716 199.0
26.177797998 222.0
26.190928281 207.0
26.204058564 220.0
26.217188846 224.0
26.230319129 212.0
26.243449412 227.0
26.256579694 195.0
26.269709977 224.0
26.282840260 214.0
26.295970542 217.0
26.309100825 198.0
26.322231108 198.0
26.335361390 201.0
26.348491673 183.0
26.361621956 231.0
26.374752238 214.0
26.387882521 193.0
26.401012804 224.0
26.414143087 245.0
26.427273369 236.0
26.440403652 204.0
26.453533935 206.0
26.466664217 221.0
26.479794500 235.0
26.492924783 208.0
26.506055065 230.0
26.519185348 225.0
26.532315631 233.0
26.545445913 217.0
26.558576196 229.0
26.571706479 211.0
26.584836761 218.0
26.597967044 259.0
26.611097327 227.0
26.624227609 230.0
26.637357892 240.0
26.650488175 237.0
26.663618457 259.0
26.676748740 236.0
26.689879023 242.0
26.703009305 206.0
26.716139588 220.0
26.729269871 240.0
26.742400153 258.0
26.755530436 235.0
26.768660719 230.0
26.781791001 232.0
26.794921284 261.0
26.808051567 201.0
26.821181850 264.0
26.834312132 264.0
26.847442415 248.0
26.860572698 239.0
26.873702980 211.0
26.886833263 258.0
26.899963546 249.0
26.913093828 273.0
26.926224111 271.0
26.939354394 251.0
26.952484676 234.0
26.965614959 244.0
26.978745242 232.0
26.991875524 243.0
27.005005807 244.0
27.018136090 239.0
27.031266372 238.0
27.044396655 277.0
27.057526938 241.0
27.070657220 230.0
27.083787503 247.0
27.096917786 227.0
27.110048068 239.0
27.123178351 240.0
27.136308634 257.0
27.149438916 228.0
27.162569199 233.0
27.175699482 242.0
27.188829764 227.0
27.201960047 229.0
27.215090330 248.0
27.228220613 205.0
27.241350895 238.0
27.254481178 232.0
27.267611461 239.0
27.280741743 218.0
27.293872026 228.0
27.307002309 244.0
27.320132591 221.0
27.333262874 250.0
27.346393157 219.0
27.359523439 237.0
27.372653722 210.0
27.385784005 247.0
27.398914287 244.0
27.412044570 220.0
27.425174853 219.0
27.438305135 224.0
27.451435418 243.0
27.464565701 236.0
27.477695983 215.0
27.490826266 247.0
27.503956549 234.0
27.517086831 216.0
27.530217114 242.0
27.543347397 222.0
27.556477679 244.0
27.569607962 226.0
27.582738245 249.0
27.595868527 260.0
27.608998810 222.0
27.622129093 241.0
27.635259376 225.0
27.648389658 238.0
27.661519941 268.0
27.674650224 207.0
27.687780506 224.0
27.700910789 221.0
27.714041072 237.0
27.727171354 211.0
27.740301637 226.0
27.753431920 223.0
27.766562202 227.0
27.779692485 221.0
27.792822768 196.0
27.805953050 224.0
27.819083333 214.0
27.832213616 220.0
27.845343898 233.0
27.858474181 228.0
27.871604464 219.0
27.884734746 222.0
27.897865029 197.0
27.910995312 213.0
27.924125594 240.0
27.937255877 270.0
27.950386160 231.0
27.963516442 242.0
27.976646725 227.0
27.989777008 214.0
28.002907290 269.0
28.016037573 207.0
28.029167856 219.0
28.042298139 226.0
28.055428421 236.0
28.068558704 215.0
28.081688987 242.0
28.094819269 241.0
28.107949552 228.0
28.121079835 217.0
28.134210117 235.0
28.147340400 221.0
28.160470683 237.0
28.173600965 223.0
28.186731248 245.0
28.199861531 228.0
28.212991813 248.0
28.226122096 215.0
28.239252379 199.0
28.252382661 245.0
28.265512944 248.0
28.278643227 244.0
28.291773509 244.0
28.304903792 234.0
28.318034075 267.0
28.331164357 256.0
28.344294640 238.0
28.357424923 228.0
28.370555205 220.0
28.383685488 216.0
28.396815771 209.0
28.409946053 210.0
28.423076336 235.0
28.436206619 199.0
28.449336902 217.0
28.462467184 222.0
28.475597467 217.0
28.488727750 217.0
28.501858032 206.0
28.514988315 205.0
28.528118598 234.0
28.541248880 232.0
28.554379163 228.0
28.567509446 212.0
28.580639728 216.0
28.593770011 206.0
28.606900294 224.0
28.620030576 201.0
28.633160859 203.0
28.646291142 207.0
28.659421424 214.0
28.672551707 219.0
28.685681990 210.0
28.698812272 197.0
28.711942555 192.0
28.725072838 214.0
28.738203120 232.0
28.751333403 202.0
28.764463686 195.0
28.777593968 183.0
28.790724251 189.0
28.803854534 236.0
28.816984816 189.0
28.830115099 196.0
28.843245382 213.0
28.856375664 169.0
28.869505947 211.0
28.882636230 203.0
28.895766513 191.0
28.908896795 189.0
28.922027078 191.0
28.935157361 220.0
28.948287643 227.0
28.961417926 206.0
28.974548209 180.0
28.987678491 229.0
29.000808774 240.0
29.013939057 207.0
29.027069339 198.0
29.040199622 189.0
29.053329905 184.0
29.066460187 200.0
29.079590470 214.0
29.092720753 219.0
29.105851035 198.0
29.118981318 231.0
29.132111601 169.0
29.145241883 203.0
29.158372166 207.0
29.171502449 232.0
29.184632731 208.0
29.197763014 208.0
29.210893297 181.0
29.224023579 197.0
29.237153862 213.0
29.250284145 195.0
29.263414427 199.0
29.276544710 216.0
29.289674993 233.0
29.302805276 211.0
29.315935558 213.0
29.329065841 237.0
29.342196124 217.0
29.355326406 235.0
29.368456689 202.0
29.381586972 213.0
29.394717254 223.0
29.407847537 210.0
29.420977820 212.0
29.434108102 214.0
29.447238385 186.0
29.460368668 226.0
29.473498950 190.0
29.486629233 213.0
29.499759516 215.0
29.512889798 226.0
29.526020081 186.0
29.539150364 210.0
29.552280646 199.0
29.565410929 199.0
29.578541212 215.0
29.591671494 194.0
29.604801777 194.0
29.617932060 220.0
29.631062342 197.0
29.644192625 203.0
29.657322908 231.0
29.670453190 221.0
29.683583473 233.0
29.696713756 221.0
29.709844039 205.0
29.722974321 213.0
29.736104604 227.0
29.749234887 187.0
29.762365169 177.0
29.775495452 228.0
29.788625735 217.0
29.801756017 215.0
29.814886300 198.0
29.828016583 230.0
29.841146865 218.0
29.854277148 188.0
29.867407431 219.0
29.880537713 206.0
29.893667996 210.0
29.906798279 228.0
29.919928561 201.0
29.933058844 203.0
29.946189127 223.0
29.959319409 218.0
29.972449692 188.0
29.985579975 212.0
29.998710257 202.0
30.011840540 195.0
30.024970823 193.0
30.038101105 207.0
30.051231388 191.0
30.064361671 191.0
30.077491953 201.0
30.090622236 197.0
30.103752519 194.0
30.116882802 210.0
30.130013084 199.0
30.143143367 219.0
30.156273650 197.0
30.169403932 209.0
30.182534215 200.0
30.195664498 209.0
30.208794780 211.0
30.221925063 193.0
30.235055346 207.0
30.248185628 197.0
30.261315911 199.0
30.274446194 212.0
30.287576476 199.0
30.300706759 180.0
30.313837042 188.0
30.326967324 193.0
30.340097607 183.0
30.353227890 194.0
30.366358172 199.0
30.379488455 191.0
30.392618738 202.0
30.405749020 197.0
30.418879303 214.0
30.432009586 190.0
30.445139868 195.0
30.458270151 198.0
30.471400434 191.0
30.484530716 195.0
30.497660999 202.0
30.510791282 189.0
30.523921565 194.0
30.537051847 184.0
30.550182130 190.0
30.563312413 196.0
30.576442695 181.0
30.589572978 203.0
30.602703261 218.0
30.615833543 201.0
30.628963826 205.0
30.642094109 206.0
30.655224391 199.0
30.668354674 216.0
30.681484957 223.0
30.694615239 211.0
30.707745522 211.0
30.720875805 224.0
30.734006087 196.0
30.747136370 196.0
30.760266653 214.0
30.773396935 187.0
30.786527218 192.0
30.799657501 194.0
30.812787783 194.0
30.825918066 214.0
30.839048349 198.0
30.852178631 226.0
30.865308914 211.0
30.878439197 209.0
30.891569479 165.0
30.904699762 206.0
30.917830045 176.0
30.930960328 221.0
30.944090610 150.0
30.957220893 195.0
30.970351176 184.0
30.983481458 238.0
30.996611741 217.0
31.009742024 189.0
31.022872306 184.0
31.036002589 212.0
31.049132872 190.0
31.062263154 217.0
31.075393437 204.0
31.088523720 209.0
31.101654002 194.0
31.114784285 198.0
31.127914568 181.0
31.141044850 209.0
31.154175133 207.0
31.167305416 204.0
31.180435698 214.0
31.193565981 225.0
31.206696264 167.0
31.219826546 202.0
31.232956829 186.0
31.246087112 216.0
31.259217394 186.0
31.272347677 204.0
31.285477960 200.0
31.298608242 197.0
31.311738525 192.0
31.324868808 206.0
31.337999091 191.0
31.351129373 212.0
31.364259656 189.0
31.377389939 203.0
31.390520221 227.0
31.403650504 193.0
31.416780787 193.0
31.429911069 192.0
31.443041352 189.0
31.456171635 188.0
31.469301917 226.0
31.482432200 212.0
31.495562483 186.0
31.508692765 213.0
31.521823048 191.0
31.534953331 201.0
31.548083613 216.0
31.561213896 206.0
31.574344179 198.0
31.587474461 172.0
31.600604744 171.0
31.613735027 206.0
31.626865309 208.0
31.639995592 192.0
31.653125875 172.0
31.666256157 205.0
31.679386440 223.0
31.692516723 211.0
31.705647005 217.0
31.718777288 201.0
31.731907571 217.0
31.745037854 185.0
31.758168136 184.0
31.771298419 196.0
31.784428702 202.0
31.797558984 195.0
31.810689267 212.0
31.823819550 226.0
31.836949832 203.0
31.850080115 190.0
31.863210398 210.0
31.876340680 197.0
31.889470963 196.0
31.902601246 195.0
31.915731528 223.0
31.928861811 192.0
31.941992094 189.0
31.955122376 213.0
31.968252659 202.0
31.981382942 204.0
31.994513224 195.0
32.007643507 195.0
32.020773790 199.0
32.033904072 224.0
32.047034355 197.0
32.060164638 222.0
32.073294920 184.0
32.086425203 192.0
32.099555486 204.0
32.112685768 204.0
32.125816051 188.0
32.138946334 202.0
32.152076617 200.0
32.165206899 186.0
32.178337182 179.0
32.191467465 183.0
32.204597747 182.0
32.217728030 237.0
32.230858313 204.0
32.243988595 225.0
32.257118878 206.0
32.270249161 180.0
32.283379443 198.0
32.296509726 205.0
32.309640009 207.0
32.322770291 206.0
32.335900574 188.0
32.349030857 219.0
32.362161139 215.0
32.375291422 226.0
32.388421705 181.0
32.401551987 219.0
32.414682270 177.0
32.427812553 181.0
32.440942835 178.0
32.454073118 216.0
32.467203401 205.0
32.480333683 193.0
32.493463966 189.0
32.506594249 198.0
32.519724531 200.0
32.532854814 204.0
32.545985097 194.0
32.559115379 204.0
32.572245662 214.0
32.585375945 181.0
32.598506228 229.0
32.611636510 179.0
32.624766793 195.0
32.637897076 196.0
32.651027358 181.0
32.664157641 184.0
32.677287924 203.0
32.690418206 176.0
32.703548489 189.0
32.716678772 197.0
32.729809054 177.0
32.742939337 210.0
32.756069620 218.0
32.769199902 200.0
32.782330185 228.0
32.795460468 195.0
32.808590750 199.0
32.821721033 217.0
32.834851316 220.0
32.847981598 221.0
32.861111881 198.0
32.874242164 216.0
32.887372446 201.0
32.900502729 197.0
32.913633012 181.0
32.926763294 192.0
32.939893577 203.0
32.953023860 208.0
32.966154142 211.0
32.979284425 187.0
32.992414708 171.0
33.005544991 208.0
33.018675273 175.0
33.031805556 178.0
33.044935839 177.0
33.058066121 189.0
33.071196404 180.0
33.084326687 193.0
33.097456969 204.0
33.110587252 190.0
33.123717535 202.0
33.136847817 214.0
33.149978100 205.0
33.163108383 188.0
33.176238665 233.0
33.189368948 213.0
33.202499231 206.0
33.215629513 202.0
33.228759796 174.0
33.241890079 201.0
33.255020361 205.0
33.268150644 204.0
33.281280927 207.0
33.294411209 209.0
33.307541492 196.0
33.320671775 207.0
33.333802057 162.0
33.346932340 202.0
33.360062623 171.0
33.373192905 216.0
33.386323188 186.0
33.399453471 194.0
33.412583754 214.0
33.425714036 200.0
33.438844319 176.0
33.451974602 207.0
33.465104884 206.0
33.478235167 193.0
33.491365450 189.0
33.504495732 191.0
33.517626015 192.0
33.530756298 208.0
33.543886580 202.0
33.557016863 197.0
33.570147146 201.0
33.583277428 190.0
33.596407711 196.0
33.609537994 189.0
33.622668276 217.0
33.635798559 206.0
33.648928842 202.0
33.662059124 199.0
33.675189407 192.0
33.688319690 177.0
33.701449972 196.0
33.714580255 186.0
33.727710538 215.0
33.740840820 183.0
33.753971103 191.0
33.767101386 190.0
33.780231668 207.0
33.793361951 188.0
33.806492234 189.0
33.819622517 176.0
33.832752799 168.0
33.845883082 188.0
33.859013365 171.0
33.872143647 188.0
33.885273930 209.0
33.898404213 188.0
33.911534495 203.0
33.924664778 194.0
33.937795061 193.0
33.950925343 199.0
33.964055626 195.0
33.977185909 165.0
33.990316191 195.0
34.003446474 198.0
34.016576757 207.0
34.029707039 205.0
34.042837322 217.0
34.055967605 220.0
34.069097887 196.0
34.082228170 216.0
34.095358453 181.0
34.108488735 230.0
34.121619018 235.0
34.134749301 207.0
34.147879583 185.0
34.161009866 203.0
34.174140149 187.0
34.187270431 208.0
34.200400714 202.0
34.213530997 201.0
34.226661280 212.0
34.239791562 211.0
34.252921845 164.0
34.266052128 205.0
34.279182410 213.0
34.292312693 216.0
34.305442976 190.0
34.318573258 200.0
34.331703541 209.0
34.344833824 196.0
34.357964106 195.0
34.371094389 207.0
34.384224672 199.0
34.397354954 186.0
34.410485237 202.0
34.423615520 198.0
34.436745802 227.0
34.449876085 218.0
34.463006368 194.0
34.476136650 222.0
34.489266933 211.0
34.502397216 236.0
34.515527498 203.0
34.528657781 208.0
34.541788064 220.0
34.554918346 169.0
34.568048629 198.0
34.581178912 189.0
34.594309194 205.0
34.607439477 219.0
34.620569760 187.0
34.633700043 196.0
34.646830325 200.0
34.659960608 186.0
34.673090891 191.0
34.686221173 223.0
34.699351456 202.0
34.712481739 184.0
34.725612021 198.0
34.738742304 192.0
34.751872587 211.0
34.765002869 210.0
34.778133152 199.0
34.791263435 231.0
34.804393717 221.0
34.817524000 179.0
34.830654283 188.0
34.843784565 182.0
34.856914848 208.0
34.870045131 192.0
34.883175413 174.0
34.896305696 218.0
34.909435979 229.0
34.922566261 233.0
34.935696544 211.0
34.948826827 196.0
34.961957109 210.0
34.975087392 171.0
34.988217675 197.0
35.001347957 206.0
35.014478240 235.0
35.027608523 242.0
35.040738806 188.0
35.053869088 198.0
35.066999371 213.0
35.080129654 199.0
35.093259936 184.0
35.106390219 195.0
35.119520502 217.0
35.132650784 248.0
35.145781067 202.0
35.158911350 208.0
35.172041632 201.0
35.185171915 213.0
35.198302198 245.0
35.211432480 229.0
35.224562763 217.0
35.237693046 205.0
35.250823328 218.0
35.263953611 202.0
35.277083894 207.0
35.290214176 197.0
35.303344459 212.0
35.316474742 220.0
35.329605024 220.0
35.342735307 204.0
35.355865590 202.0
35.368995872 225.0
35.382126155 214.0
35.395256438 235.0
35.408386720 221.0
35.421517003 228.0
35.434647286 238.0
35.447777569 240.0
35.460907851 230.0
35.474038134 259.0
35.487168417 226.0
35.500298699 214.0
35.513428982 249.0
35.526559265 243.0
35.539689547 246.0
35.552819830 245.0
35.565950113 281.0
35.579080395 263.0
35.592210678 272.0
35.605340961 247.0
35.618471243 242.0
35.631601526 229.0
35.644731809 271.0
35.657862091 265.0
35.670992374 241.0
35.684122657 272.0
35.697252939 291.0
35.710383222 306.0
35.723513505 293.0
35.736643787 287.0
35.749774070 282.0
35.762904353 288.0
35.776034635 285.0
35.789164918 249.0
35.802295201 302.0
35.815425483 299.0
35.828555766 288.0
35.841686049 298.0
35.854816331 316.0
35.867946614 298.0
35.881076897 290.0
35.894207180 296.0
35.907337462 291.0
35.920467745 282.0
35.933598028 278.0
35.946728310 315.0
35.959858593 284.0
35.972988876 279.0
35.986119158 295.0
35.999249441 276.0
36.012379724 275.0
36.025510006 242.0
36.038640289 264.0
36.051770572 278.0
36.064900854 226.0
36.078031137 270.0
36.091161420 250.0
36.104291702 238.0
36.117421985 256.0
36.130552268 243.0
36.143682550 240.0
36.156812833 269.0
36.169943116 247.0
36.183073398 275.0
36.196203681 272.0
36.209333964 238.0
36.222464246 232.0
36.235594529 267.0
36.248724812 227.0
36.261855094 241.0
36.274985377 250.0
36.288115660 226.0
36.301245943 211.0
36.314376225 229.0
36.327506508 234.0
36.340636791 231.0
36.353767073 258.0
36.366897356 264.0
36.380027639 249.0
36.393157921 256.0
36.406288204 265.0
36.419418487 226.0
36.432548769 237.0
36.445679052 261.0
36.458809335 245.0
36.471939617 260.0
36.485069900 265.0
36.498200183 206.0
36.511330465 222.0
36.524460748 250.0
36.537591031 258.0
36.550721313 242.0
36.563851596 268.0
36.576981879 242.0
36.590112161 281.0
36.603242444 246.0
36.616372727 274.0
36.629503009 242.0
36.642633292 261.0
36.655763575 232.0
36.668893857 234.0
36.682024140 249.0
36.695154423 292.0
36.708284706 296.0
36.721414988 278.0
36.734545271 263.0
36.747675554 246.0
36.760805836 268.0
36.773936119 276.0
36.787066402 249.0
36.800196684 261.0
36.813326967 295.0
36.826457250 267.0
36.839587532 273.0
36.852717815 299.0
36.865848098 298.0
36.878978380 311.0
36.892108663 304.0
36.905238946 260.0
36.918369228 306.0
36.931499511 320.0
36.944629794 258.0
36.957760076 305.0
36.970890359 300.0
36.984020642 296.0
36.997150924 312.0
37.010281207 345.0
37.023411490 319.0
37.036541772 315.0
37.049672055 300.0
37.062802338 297.0
37.075932620 317.0
37.089062903 328.0
37.102193186 309.0
37.115323469 304.0
37.128453751 320.0
37.141584034 279.0
37.154714317 300.0
37.167844599 329.0
37.180974882 322.0
37.194105165 318.0
37.207235447 325.0
37.220365730 373.0
37.233496013 328.0
37.246626295 359.0
37.259756578 336.0
37.272886861 381.0
37.286017143 382.0
37.299147426 374.0
37.312277709 328.0
37.325407991 360.0
37.338538274 407.0
37.351668557 390.0
37.364798839 426.0
37.377929122 382.0
37.391059405 403.0
37.404189687 411.0
37.417319970 396.0
37.430450253 384.0
37.443580535 438.0
37.456710818 417.0
37.469841101 462.0
37.482971383 431.0
37.496101666 452.0
37.509231949 466.0
37.522362232 457.0
37.535492514 491.0
37.548622797 486.0
37.561753080 504.0
37.574883362 521.0
37.588013645 545.0
37.601143928 526.0
37.614274210 537.0
37.627404493 592.0
37.640534776 574.0
37.653665058 614.0
37.666795341 649.0
37.679925624 664.0
37.693055906 701.0
37.706186189 753.0
37.719316472 794.0
37.732446754 802.0
37.745577037 835.0
37.758707320 967.0
37.771837602 940.0
37.784967885 1063.0
37.798098168 1127.0
37.811228450 1205.0
37.824358733 1165.0
37.837489016 1183.0
37.850619298 1408.0
37.863749581 1405.0
37.876879864 1530.0
37.890010146 1603.0
37.903140429 1699.0
37.916270712 1711.0
37.929400995 1762.0
37.942531277 1895.0
37.955661560 1896.0
37.968791843 2060.0
37.981922125 2093.0
37.995052408 2173.0
38.008182691 2228.0
38.021312973 2233.0
38.034443256 2278.0
38.047573539 2365.0
38.060703821 2465.0
38.073834104 2592.0
38.086964387 2635.0
38.100094669 2744.0
38.113224952 2862.0
38.126355235 2896.0
38.139485517 2930.0
38.152615800 3131.0
38.165746083 3356.0
38.178876365 3431.0
38.192006648 3772.0
38.205136931 3864.0
38.218267213 4076.0
38.231397496 4434.0
38.244527779 4920.0
38.257658061 5470.0
38.270788344 5856.0
38.283918627 6420.0
38.297048909 7069.0
38.310179192 7990.0
38.323309475 9048.0
38.336439758 10437.0
38.349570040 11985.0
38.362700323 12476.0
38.375830606 11718.0
38.388960888 9484.0
38.402091171 7711.0
38.415221454 6716.0
38.428351736 6330.0
38.441482019 6663.0
38.454612302 6867.0
38.467742584 6677.0
38.480872867 5568.0
38.494003150 4274.0
38.507133432 3235.0
38.520263715 2631.0
38.533393998 2133.0
38.546524280 1977.0
38.559654563 1712.0
38.572784846 1666.0
38.585915128 1507.0
38.599045411 1430.0
38.612175694 1370.0
38.625305976 1271.0
38.638436259 1229.0
38.651566542 1196.0
38.664696824 1139.0
38.677827107 1088.0
38.690957390 1136.0
38.704087672 1036.0
38.717217955 1017.0
38.730348238 1031.0
38.743478521 947.0
38.756608803 985.0
38.769739086 971.0
38.782869369 977.0
38.795999651 923.0
38.809129934 973.0
38.822260217 986.0
38.835390499 972.0
38.848520782 959.0
38.861651065 1021.0
38.874781347 1053.0
38.887911630 993.0
38.901041913 1053.0
38.914172195 1094.0
38.927302478 1183.0
38.940432761 1172.0
38.953563043 1156.0
38.966693326 1285.0
38.979823609 1260.0
38.992953891 1325.0
39.006084174 1378.0
39.019214457 1408.0
39.032344739 1488.0
39.045475022 1503.0
39.058605305 1509.0
39.071735587 1610.0
39.084865870 1653.0
39.097996153 1544.0
39.111126435 1550.0
39.124256718 1553.0
39.137387001 1571.0
39.150517284 1513.0
39.163647566 1507.0
39.176777849 1522.0
39.189908132 1463.0
39.203038414 1387.0
39.216168697 1353.0
39.229298980 1219.0
39.242429262 1175.0
39.255559545 1091.0
39.268689828 1062.0
39.281820110 1028.0
39.294950393 909.0
39.308080676 835.0
39.321210958 853.0
39.334341241 786.0
39.347471524 771.0
39.360601806 711.0
39.373732089 712.0
39.386862372 602.0
39.399992654 615.0
39.413122937 571.0
39.426253220 544.0
39.439383502 536.0
39.452513785 451.0
39.465644068 466.0
39.478774350 482.0
39.491904633 490.0
39.505034916 434.0
39.518165198 407.0
39.531295481 395.0
39.544425764 339.0
39.557556046 385.0
39.570686329 374.0
39.583816612 352.0
39.596946895 340.0
39.610077177 389.0
39.623207460 357.0
39.636337743 350.0
39.649468025 306.0
39.662598308 322.0
39.675728591 329.0
39.688858873 305.0
39.701989156 311.0
39.715119439 329.0
39.728249721 337.0
39.741380004 326.0
39.754510287 289.0
39.767640569 306.0
39.780770852 269.0
39.793901135 274.0
39.807031417 307.0
39.820161700 317.0
39.833291983 272.0
39.846422265 259.0
39.859552548 282.0
39.872682831 278.0
39.885813113 248.0
39.898943396 278.0
39.912073679 264.0
39.925203961 265.0
39.938334244 264.0
39.951464527 246.0
39.964594809 273.0
39.977725092 271.0
39.990855375 245.0
40.003985658 276.0
40.017115940 260.0
40.030246223 247.0
40.043376506 249.0
40.056506788 264.0
40.069637071 261.0
40.082767354 271.0
40.095897636 243.0
40.109027919 235.0
40.122158202 258.0
40.135288484 267.0
40.148418767 241.0
40.161549050 265.0
40.174679332 259.0
40.187809615 276.0
40.200939898 284.0
40.214070180 225.0
40.227200463 242.0
40.240330746 266.0
40.253461028 271.0
40.266591311 225.0
40.279721594 267.0
40.292851876 264.0
40.305982159 236.0
40.319112442 209.0
40.332242724 244.0
40.345373007 288.0
40.358503290 244.0
40.371633572 214.0
40.384763855 265.0
40.397894138 231.0
40.411024421 270.0
40.424154703 208.0
40.437284986 204.0
40.450415269 198.0
40.463545551 258.0
40.476675834 257.0
40.489806117 258.0
40.502936399 261.0
40.516066682 238.0
40.529196965 224.0
40.542327247 237.0
40.555457530 220.0
40.568587813 239.0
40.581718095 235.0
40.594848378 278.0
40.607978661 240.0
40.621108943 239.0
40.634239226 217.0
40.647369509 288.0
40.660499791 218.0
40.673630074 221.0
40.686760357 228.0
40.699890639 228.0
40.713020922 261.0
40.726151205 212.0
40.739281487 227.0
40.752411770 242.0
40.765542053 240.0
40.778672335 265.0
40.791802618 245.0
40.804932901 235.0
40.818063184 238.0
40.831193466 245.0
40.844323749 229.0
40.857454032 261.0
40.870584314 236.0
40.883714597 248.0
40.896844880 227.0
40.909975162 215.0
40.923105445 232.0
40.936235728 222.0
40.949366010 232.0
40.962496293 258.0
40.975626576 239.0
40.988756858 199.0
41.001887141 224.0
41.015017424 242.0
41.028147706 225.0
41.041277989 230.0
41.054408272 234.0
41.067538554 204.0
41.080668837 225.0
41.093799120 195.0
41.106929402 202.0
41.120059685 230.0
41.133189968 198.0
41.146320250 175.0
41.159450533 240.0
41.172580816 234.0
41.185711098 237.0
41.198841381 209.0
41.211971664 202.0
41.225101947 206.0
41.238232229 221.0
41.251362512 210.0
41.264492795 198.0
41.277623077 206.0
41.290753360 211.0
41.303883643 201.0
41.317013925 209.0
41.330144208 230.0
41.343274491 218.0
41.356404773 200.0
41.369535056 219.0
41.382665339 210.0
41.395795621 211.0
41.408925904 179.0
41.422056187 212.0
41.435186469 178.0
41.448316752 191.0
41.461447035 187.0
41.474577317 212.0
41.487707600 199.0
41.500837883 192.0
41.513968165 205.0
41.527098448 206.0
41.540228731 221.0
41.553359013 203.0
41.566489296 208.0
41.579619579 217.0
41.592749861 202.0
41.605880144 183.0
41.619010427 182.0
41.632140710 190.0
41.645270992 178.0
41.658401275 198.0
41.671531558 219.0
41.684661840 187.0
41.697792123 198.0
41.710922406 185.0
41.724052688 190.0
41.737182971 182.0
41.750313254 222.0
41.763443536 204.0
41.776573819 198.0
41.789704102 175.0
41.802834384 210.0
41.815964667 190.0
41.829094950 187.0
41.842225232 201.0
41.855355515 176.0
41.868485798 166.0
41.881616080 185.0
41.894746363 174.0
41.907876646 174.0
41.921006928 202.0
41.934137211 202.0
41.947267494 203.0
41.960397776 214.0
41.973528059 192.0
41.986658342 189.0
41.999788624 186.0
42.012918907 201.0
42.026049190 179.0
42.039179473 181.0
42.052309755 198.0
42.065440038 188.0
42.078570321 205.0
42.091700603 175.0
42.104830886 204.0
42.117961169 214.0
42.131091451 196.0
42.144221734 188.0
42.157352017 192.0
42.170482299 194.0
42.183612582 188.0
42.196742865 203.0
42.209873147 195.0
42.223003430 187.0
42.236133713 220.0
42.249263995 167.0
42.262394278 199.0
42.275524561 195.0
42.288654843 203.0
42.301785126 192.0
42.314915409 222.0
42.328045691 200.0
42.341175974 198.0
42.354306257 206.0
42.367436539 194.0
42.380566822 193.0
42.393697105 184.0
42.406827387 189.0
42.419957670 209.0
42.433087953 191.0
42.446218236 162.0
42.459348518 197.0
42.472478801 171.0
42.485609084 171.0
42.498739366 193.0
42.511869649 172.0
42.524999932 194.0
42.538130214 187.0
42.551260497 175.0
42.564390780 199.0
42.577521062 176.0
42.590651345 204.0
42.603781628 188.0
42.616911910 187.0
42.630042193 189.0
42.643172476 171.0
42.656302758 193.0
42.669433041 205.0
42.682563324 172.0
42.695693606 213.0
42.708823889 195.0
42.721954172 168.0
42.735084454 194.0
42.748214737 212.0
42.761345020 156.0
42.774475302 188.0
42.787605585 167.0
42.800735868 188.0
42.813866150 194.0
42.826996433 183.0
42.840126716 196.0
42.853256998 192.0
42.866387281 180.0
42.879517564 190.0
42.892647847 179.0
42.905778129 172.0
42.918908412 190.0
42.932038695 178.0
42.945168977 185.0
42.958299260 178.0
42.971429543 161.0
42.984559825 202.0
42.997690108 179.0
43.010820391 187.0
43.023950673 168.0
43.037080956 176.0
43.050211239 169.0
43.063341521 185.0
43.076471804 187.0
43.089602087 215.0
43.102732369 169.0
43.115862652 159.0
43.128992935 162.0
43.142123217 165.0
43.155253500 193.0
43.168383783 186.0
43.181514065 149.0
43.194644348 182.0
43.207774631 181.0
43.220904913 182.0
43.234035196 169.0
43.247165479 175.0
43.260295761 169.0
43.273426044 163.0
43.286556327 187.0
43.299686610 174.0
43.312816892 199.0
43.325947175 185.0
43.339077458 167.0
43.352207740 199.0
43.365338023 155.0
43.378468306 187.0
43.391598588 169.0
43.404728871 174.0
43.417859154 153.0
43.430989436 161.0
43.444119719 182.0
43.457250002 162.0
43.470380284 160.0
43.483510567 182.0
43.496640850 152.0
43.509771132 182.0
43.522901415 186.0
43.536031698 178.0
43.549161980 175.0
43.562292263 158.0
43.575422546 186.0
43.588552828 164.0
43.601683111 152.0
43.614813394 199.0
43.627943676 171.0
43.641073959 161.0
43.654204242 155.0
43.667334524 193.0
43.680464807 191.0
43.693595090 145.0
43.706725373 168.0
43.719855655 177.0
43.732985938 178.0
43.746116221 195.0
43.759246503 149.0
43.772376786 173.0
43.785507069 179.0
43.798637351 164.0
43.811767634 150.0
43.824897917 142.0
43.838028199 154.0
43.851158482 162.0
43.864288765 166.0
43.877419047 170.0
43.890549330 179.0
43.903679613 174.0
43.916809895 155.0
43.929940178 165.0
43.943070461 182.0
43.956200743 177.0
43.969331026 190.0
43.982461309 179.0
43.995591591 158.0
44.008721874 164.0
44.021852157 170.0
44.034982439 143.0
44.048112722 179.0
44.061243005 150.0
44.074373287 178.0
44.087503570 151.0
44.100633853 161.0
44.113764136 177.0
44.126894418 171.0
44.140024701 151.0
44.153154984 151.0
44.166285266 181.0
44.179415549 163.0
44.192545832 163.0
44.205676114 164.0
44.218806397 174.0
44.231936680 166.0
44.245066962 146.0
44.258197245 169.0
44.271327528 164.0
44.284457810 140.0
44.297588093 159.0
44.310718376 178.0
44.323848658 175.0
44.336978941 199.0
44.350109224 182.0
44.363239506 153.0
44.376369789 139.0
44.389500072 149.0
44.402630354 161.0
44.415760637 169.0
44.428890920 174.0
44.442021202 162.0
44.455151485 153.0
44.468281768 164.0
44.481412050 167.0
44.494542333 162.0
44.507672616 176.0
44.520802899 147.0
44.533933181 173.0
44.547063464 158.0
44.560193747 149.0
44.573324029 154.0
44.586454312 162.0
44.599584595 164.0
44.612714877 174.0
44.625845160 163.0
44.638975443 165.0
44.652105725 159.0
44.665236008 178.0
44.678366291 171.0
44.691496573 154.0
44.704626856 155.0
44.717757139 167.0
44.730887421 160.0
44.744017704 160.0
44.757147987 149.0
44.770278269 165.0
44.783408552 175.0
44.796538835 160.0
44.809669117 151.0
44.822799400 136.0
44.835929683 155.0
44.849059965 159.0
44.862190248 148.0
44.875320531 176.0
44.888450813 168.0
44.901581096 128.0
44.914711379 181.0
44.927841662 160.0
44.940971944 171.0
44.954102227 162.0
44.967232510 159.0
44.980362792 186.0
44.993493075 157.0
45.006623358 172.0
45.019753640 144.0
45.032883923 176.0
45.046014206 165.0
45.059144488 166.0
45.072274771 177.0
45.085405054 179.0
45.098535336 168.0
45.111665619 163.0
45.124795902 170.0
45.137926184 149.0
45.151056467 155.0
45.164186750 138.0
45.177317032 156.0
45.190447315 160.0
45.203577598 151.0
45.216707880 146.0
45.229838163 148.0
45.242968446 144.0
45.256098728 175.0
45.269229011 179.0
45.282359294 173.0
45.295489576 176.0
45.308619859 141.0
45.321750142 160.0
45.334880425 150.0
45.348010707 163.0
45.361140990 151.0
45.374271273 183.0
45.387401555 162.0
45.400531838 176.0
45.413662121 134.0
45.426792403 177.0
45.439922686 159.0
45.453052969 139.0
45.466183251 157.0
45.479313534 149.0
45.492443817 163.0
45.505574099 146.0
45.518704382 164.0
45.531834665 148.0
45.544964947 167.0
45.558095230 182.0
45.571225513 166.0
45.584355795 174.0
45.597486078 164.0
45.610616361 174.0
45.623746643 169.0
45.636876926 149.0
45.650007209 171.0
45.663137491 153.0
45.676267774 165.0
45.689398057 169.0
45.702528339 158.0
45.715658622 164.0
45.728788905 154.0
45.741919188 164.0
45.755049470 159.0
45.768179753 146.0
45.781310036 204.0
45.794440318 176.0
45.807570601 152.0
45.820700884 176.0
45.833831166 152.0
45.846961449 156.0
45.860091732 157.0
45.873222014 162.0
45.886352297 148.0
45.899482580 175.0
45.912612862 182.0
45.925743145 163.0
45.938873428 173.0
45.952003710 169.0
45.965133993 174.0
45.978264276 155.0
45.991394558 171.0
46.004524841 158.0
46.017655124 141.0
46.030785406 178.0
46.043915689 172.0
46.057045972 149.0
46.070176254 156.0
46.083306537 162.0
46.096436820 173.0
46.109567102 151.0
46.122697385 153.0
46.135827668 177.0
46.148957951 145.0
46.162088233 172.0
46.175218516 153.0
46.188348799 155.0
46.201479081 139.0
46.214609364 172.0
46.227739647 182.0
46.240869929 163.0
46.254000212 157.0
46.267130495 175.0
46.280260777 146.0
46.293391060 164.0
46.306521343 174.0
46.319651625 176.0
46.332781908 154.0
46.345912191 157.0
46.359042473 160.0
46.372172756 153.0
46.385303039 143.0
46.398433321 135.0
46.411563604 157.0
46.424693887 132.0
46.437824169 146.0
46.450954452 171.0
46.464084735 161.0
46.477215017 165.0
46.490345300 149.0
46.503475583 168.0
46.516605865 177.0
46.529736148 150.0
46.542866431 136.0
46.555996713 149.0
46.569126996 138.0
46.582257279 140.0
46.595387562 146.0
46.608517844 162.0
46.621648127 172.0
46.634778410 166.0
46.647908692 167.0
46.661038975 156.0
46.674169258 123.0
46.687299540 159.0
46.700429823 176.0
46.713560106 141.0
46.726690388 163.0
46.739820671 150.0
46.752950954 167.0
46.766081236 170.0
46.779211519 159.0
46.792341802 156.0
46.805472084 144.0
46.818602367 161.0
46.831732650 140.0
46.844862932 165.0
46.857993215 145.0
46.871123498 164.0
46.884253780 154.0
46.897384063 153.0
46.910514346 148.0
46.923644628 146.0
46.936774911 145.0
46.949905194 153.0
46.963035476 151.0
46.976165759 152.0
46.989296042 153.0
47.002426325 136.0
47.015556607 164.0
47.028686890 151.0
47.041817173 143.0
47.054947455 155.0
47.068077738 153.0
47.081208021 150.0
47.094338303 165.0
47.107468586 140.0
47.120598869 162.0
47.133729151 171.0
47.146859434 160.0
47.159989717 154.0
47.173119999 151.0
47.186250282 149.0
47.199380565 141.0
47.212510847 151.0
47.225641130 153.0
47.238771413 157.0
47.251901695 170.0
47.265031978 162.0
47.278162261 164.0
47.291292543 148.0
47.304422826 151.0
47.317553109 150.0
47.330683391 156.0
47.343813674 161.0
47.356943957 167.0
47.370074239 163.0
47.383204522 146.0
47.396334805 157.0
47.409465088 161.0
47.422595370 146.0
47.435725653 157.0
47.448855936 155.0
47.461986218 156.0
47.475116501 158.0
47.488246784 136.0
47.501377066 184.0
47.514507349 191.0
47.527637632 153.0
47.540767914 173.0
47.553898197 147.0
47.567028480 165.0
47.580158762 139.0
47.593289045 171.0
47.606419328 158.0
47.619549610 152.0
47.632679893 136.0
47.645810176 162.0
47.658940458 150.0
47.672070741 162.0
47.685201024 150.0
47.698331306 145.0
47.711461589 135.0
47.724591872 154.0
47.737722154 154.0
47.750852437 174.0
47.763982720 144.0
47.777113002 157.0
47.790243285 178.0
47.803373568 151.0
47.816503851 149.0
47.829634133 158.0
47.842764416 142.0
47.855894699 183.0
47.869024981 152.0
47.882155264 141.0
47.895285547 144.0
47.908415829 168.0
47.921546112 163.0
47.934676395 140.0
47.947806677 160.0
47.960936960 147.0
47.974067243 168.0
47.987197525 150.0
48.000327808 159.0
48.013458091 179.0
48.026588373 162.0
48.039718656 152.0
48.052848939 177.0
48.065979221 146.0
48.079109504 172.0
48.092239787 150.0
48.105370069 170.0
48.118500352 145.0
48.131630635 155.0
48.144760917 158.0
48.157891200 139.0
48.171021483 169.0
48.184151765 158.0
48.197282048 162.0
48.210412331 156.0
48.223542614 157.0
48.236672896 158.0
48.249803179 138.0
48.262933462 157.0
48.276063744 145.0
48.289194027 148.0
48.302324310 145.0
48.315454592 166.0
48.328584875 174.0
48.341715158 155.0
48.354845440 171.0
48.367975723 171.0
48.381106006 129.0
48.394236288 143.0
48.407366571 163.0
48.420496854 118.0
48.433627136 136.0
48.446757419 167.0
48.459887702 141.0
48.473017984 151.0
48.486148267 168.0
48.499278550 135.0
48.512408832 127.0
48.525539115 136.0
48.538669398 160.0
48.551799680 180.0
48.564929963 151.0
48.578060246 135.0
48.591190528 151.0
48.604320811 139.0
48.617451094 149.0
48.630581377 167.0
48.643711659 154.0
48.656841942 160.0
48.669972225 149.0
48.683102507 145.0
48.696232790 161.0
48.709363073 136.0
48.722493355 140.0
48.735623638 163.0
48.748753921 160.0
48.761884203 152.0
48.775014486 140.0
48.788144769 142.0
48.801275051 141.0
48.814405334 167.0
48.827535617 132.0
48.840665899 143.0
48.853796182 143.0
48.866926465 172.0
48.880056747 134.0
48.893187030 155.0
48.906317313 172.0
48.919447595 139.0
48.932577878 175.0
48.945708161 172.0
48.958838443 175.0
48.971968726 177.0
48.985099009 122.0
48.998229291 146.0
49.011359574 158.0
49.024489857 131.0
49.037620140 133.0
49.050750422 158.0
49.063880705 158.0
49.077010988 167.0
49.090141270 136.0
49.103271553 167.0
49.116401836 141.0
49.129532118 152.0
49.142662401 137.0
49.155792684 145.0
49.168922966 145.0
49.182053249 153.0
49.195183532 140.0
49.208313814 145.0
49.221444097 149.0
49.234574380 165.0
49.247704662 156.0
49.260834945 142.0
49.273965228 155.0
49.287095510 145.0
49.300225793 153.0
49.313356076 148.0
49.326486358 153.0
49.339616641 172.0
49.352746924 142.0
49.365877206 140.0
49.379007489 157.0
49.392137772 134.0
49.405268054 162.0
49.418398337 171.0
49.431528620 167.0
49.444658903 175.0
49.457789185 174.0
49.470919468 140.0
49.484049751 151.0
49.497180033 159.0
49.510310316 174.0
49.523440599 138.0
49.536570881 145.0
49.549701164 159.0
49.562831447 137.0
49.575961729 167.0
49.589092012 163.0
49.602222295 156.0
49.615352577 157.0
49.628482860 137.0
49.641613143 157.0
49.654743425 146.0
49.667873708 163.0
49.681003991 167.0
49.694134273 157.0
49.707264556 171.0
49.720394839 143.0
49.733525121 149.0
49.746655404 140.0
49.759785687 156.0
49.772915969 160.0
49.786046252 141.0
49.799176535 164.0
49.812306817 159.0
49.825437100 158.0
49.838567383 167.0
49.851697665 173.0
49.864827948 160.0
49.877958231 140.0
49.891088514 172.0
49.904218796 163.0
49.917349079 172.0
49.930479362 185.0
49.943609644 168.0
49.956739927 143.0
49.969870210 175.0
49.983000492 171.0
49.996130775 174.0
50.009261058 167.0
50.022391340 148.0
50.035521623 176.0
50.048651906 174.0
50.061782188 163.0
50.074912471 182.0
50.088042754 169.0
50.101173036 188.0
50.114303319 170.0
50.127433602 159.0
50.140563884 185.0
50.153694167 174.0
50.166824450 176.0
50.179954732 153.0
50.193085015 191.0
50.206215298 185.0
50.219345580 183.0
50.232475863 177.0
50.245606146 186.0
50.258736428 190.0
50.271866711 173.0
50.284996994 196.0
50.298127277 158.0
50.311257559 168.0
50.324387842 175.0
50.337518125 164.0
50.350648407 169.0
50.363778690 172.0
50.376908973 183.0
50.390039255 166.0
50.403169538 187.0
50.416299821 160.0
50.429430103 158.0
50.442560386 194.0
50.455690669 162.0
50.468820951 188.0
50.481951234 161.0
50.495081517 174.0
50.508211799 179.0
50.521342082 178.0
50.534472365 186.0
50.547602647 168.0
50.560732930 158.0
50.573863213 159.0
50.586993495 168.0
50.600123778 179.0
50.613254061 176.0
50.626384343 171.0
50.639514626 154.0
50.652644909 159.0
50.665775191 162.0
50.678905474 167.0
50.692035757 180.0
50.705166040 182.0
50.718296322 162.0
50.731426605 177.0
50.744556888 167.0
50.757687170 190.0
50.770817453 153.0
50.783947736 178.0
50.797078018 149.0
50.810208301 196.0
50.823338584 156.0
50.836468866 172.0
50.849599149 190.0
50.862729432 175.0
50.875859714 192.0
50.888989997 185.0
50.902120280 196.0
50.915250562 187.0
50.928380845 175.0
50.941511128 164.0
50.954641410 167.0
50.967771693 172.0
50.980901976 176.0
50.994032258 168.0
51.007162541 170.0
51.020292824 170.0
51.033423106 155.0
51.046553389 173.0
51.059683672 181.0
51.072813954 167.0
51.085944237 156.0
51.099074520 151.0
51.112204803 157.0
51.125335085 171.0
51.138465368 181.0
51.151595651 171.0
51.164725933 167.0
51.177856216 184.0
51.190986499 176.0
51.204116781 156.0
51.217247064 171.0
51.230377347 182.0
51.243507629 176.0
51.256637912 177.0
51.269768195 144.0
51.282898477 187.0
51.296028760 155.0
51.309159043 161.0
51.322289325 171.0
51.335419608 186.0
51.348549891 175.0
51.361680173 176.0
51.374810456 181.0
51.387940739 162.0
51.401071021 143.0
51.414201304 182.0
51.427331587 164.0
51.440461869 148.0
51.453592152 142.0
51.466722435 156.0
51.479852717 138.0
51.492983000 192.0
51.506113283 160.0
51.519243566 178.0
51.532373848 175.0
51.545504131 174.0
51.558634414 191.0
51.571764696 164.0
51.584894979 174.0
51.598025262 176.0
51.611155544 191.0
51.624285827 176.0
51.637416110 175.0
51.650546392 176.0
51.663676675 156.0
51.676806958 182.0
51.689937240 154.0
51.703067523 156.0
51.716197806 156.0
51.729328088 180.0
51.742458371 162.0
51.755588654 153.0
51.768718936 161.0
51.781849219 172.0
51.794979502 152.0
51.808109784 189.0
51.821240067 175.0
51.834370350 156.0
51.847500632 174.0
51.860630915 168.0
51.873761198 150.0
51.886891480 163.0
51.900021763 162.0
51.913152046 205.0
51.926282329 187.0
51.939412611 149.0
51.952542894 194.0
51.965673177 163.0
51.978803459 153.0
51.991933742 159.0
52.005064025 167.0
52.018194307 156.0
52.031324590 168.0
52.044454873 164.0
52.057585155 152.0
52.070715438 156.0
52.083845721 172.0
52.096976003 155.0
52.110106286 177.0
52.123236569 177.0
52.136366851 160.0
52.149497134 183.0
52.162627417 167.0
52.175757699 153.0
52.188887982 138.0
52.202018265 200.0
52.215148547 170.0
52.228278830 169.0
52.241409113 156.0
52.254539395 181.0
52.267669678 165.0
52.280799961 165.0
52.293930243 151.0
52.307060526 163.0
52.320190809 195.0
52.333321092 172.0
52.346451374 173.0
52.359581657 148.0
52.372711940 167.0
52.385842222 154.0
52.398972505 154.0
52.412102788 155.0
52.425233070 171.0
52.438363353 140.0
52.451493636 164.0
52.464623918 173.0
52.477754201 159.0
52.490884484 176.0
52.504014766 155.0
52.517145049 155.0
52.530275332 185.0
52.543405614 162.0
52.556535897 189.0
52.569666180 168.0
52.582796462 167.0
52.595926745 163.0
52.609057028 160.0
52.622187310 171.0
52.635317593 175.0
52.648447876 195.0
52.661578158 148.0
52.674708441 153.0
52.687838724 168.0
52.700969006 174.0
52.714099289 165.0
52.727229572 173.0
52.740359855 161.0
52.753490137 174.0
52.766620420 167.0
52.779750703 174.0
52.792880985 147.0
52.806011268 158.0
52.819141551 169.0
52.832271833 190.0
52.845402116 172.0
52.858532399 181.0
52.871662681 171.0
52.884792964 161.0
52.897923247 175.0
52.911053529 174.0
52.924183812 154.0
52.937314095 162.0
52.950444377 200.0
52.963574660 191.0
52.976704943 174.0
52.989835225 156.0
53.002965508 184.0
53.016095791 182.0
53.029226073 180.0
53.042356356 152.0
53.055486639 165.0
53.068616921 163.0
53.081747204 165.0
53.094877487 171.0
53.108007769 160.0
53.121138052 180.0
53.134268335 179.0
53.147398618 163.0
53.160528900 176.0
53.173659183 173.0
53.186789466 158.0
53.199919748 182.0
53.213050031 165.0
53.226180314 171.0
53.239310596 170.0
53.252440879 183.0
53.265571162 188.0
53.278701444 184.0
53.291831727 152.0
53.304962010 189.0
53.318092292 177.0
53.331222575 157.0
53.344352858 185.0
53.357483140 180.0
53.370613423 204.0
53.383743706 179.0
53.396873988 167.0
53.410004271 192.0
53.423134554 183.0
53.436264836 192.0
53.449395119 163.0
53.462525402 177.0
53.475655684 172.0
53.488785967 157.0
53.501916250 188.0
53.515046532 163.0
53.528176815 174.0
53.541307098 172.0
53.554437380 190.0
53.567567663 178.0
53.580697946 190.0
53.593828229 161.0
53.606958511 195.0
53.620088794 178.0
53.633219077 184.0
53.646349359 169.0
53.659479642 148.0
53.672609925 187.0
53.685740207 189.0
53.698870490 171.0
53.712000773 155.0
53.725131055 189.0
53.738261338 211.0
53.751391621 184.0
53.764521903 185.0
53.777652186 178.0
53.790782469 176.0
53.803912751 181.0
53.817043034 171.0
53.830173317 176.0
53.843303599 182.0
53.856433882 155.0
53.869564165 186.0
53.882694447 187.0
53.895824730 191.0
53.908955013 187.0
53.922085295 188.0
53.935215578 181.0
53.948345861 169.0
53.961476143 159.0
53.974606426 179.0
53.987736709 178.0
54.000866992 173.0
54.013997274 183.0
54.027127557 163.0
54.040257840 180.0
54.053388122 184.0
54.066518405 181.0
54.079648688 201.0
54.092778970 169.0
54.105909253 164.0
54.119039536 191.0
54.132169818 174.0
54.145300101 190.0
54.158430384 181.0
54.171560666 172.0
54.184690949 178.0
54.197821232 178.0
54.210951514 185.0
54.224081797 163.0
54.237212080 175.0
54.250342362 184.0
54.263472645 174.0
54.276602928 186.0
54.289733210 190.0
54.302863493 192.0
54.315993776 182.0
54.329124058 169.0
54.342254341 206.0
54.355384624 181.0
54.368514906 211.0
54.381645189 209.0
54.394775472 176.0
54.407905755 192.0
54.421036037 226.0
54.434166320 192.0
54.447296603 203.0
54.460426885 192.0
54.473557168 198.0
54.486687451 186.0
54.499817733 190.0
54.512948016 186.0
54.526078299 217.0
54.539208581 188.0
54.552338864 201.0
54.565469147 187.0
54.578599429 163.0
54.591729712 170.0
54.604859995 211.0
54.617990277 197.0
54.631120560 191.0
54.644250843 192.0
54.657381125 201.0
54.670511408 191.0
54.683641691 205.0
54.696771973 209.0
54.709902256 204.0
54.723032539 206.0
54.736162821 228.0
54.749293104 231.0
54.762423387 200.0
54.775553669 235.0
54.788683952 185.0
54.801814235 212.0
54.814944518 213.0
54.828074800 233.0
54.841205083 190.0
54.854335366 217.0
54.867465648 223.0
54.880595931 235.0
54.893726214 200.0
54.906856496 209.0
54.919986779 217.0
54.933117062 211.0
54.946247344 208.0
54.959377627 223.0
54.972507910 210.0
54.985638192 212.0
54.998768475 209.0
55.011898758 222.0
55.025029040 205.0
55.038159323 219.0
55.051289606 233.0
55.064419888 231.0
55.077550171 215.0
55.090680454 234.0
55.103810736 192.0
55.116941019 207.0
55.130071302 232.0
55.143201584 227.0
55.156331867 198.0
55.169462150 188.0
55.182592432 191.0
55.195722715 198.0
55.208852998 196.0
55.221983281 194.0
55.235113563 230.0
55.248243846 175.0
55.261374129 201.0
55.274504411 174.0
55.287634694 200.0
55.300764977 202.0
55.313895259 201.0
55.327025542 185.0
55.340155825 206.0
55.353286107 202.0
55.366416390 229.0
55.379546673 212.0
55.392676955 195.0
55.405807238 191.0
55.418937521 175.0
55.432067803 182.0
55.445198086 198.0
55.458328369 212.0
55.471458651 225.0
55.484588934 213.0
55.497719217 208.0
55.510849499 188.0
55.523979782 213.0
55.537110065 168.0
55.550240347 189.0
55.563370630 181.0
55.576500913 207.0
55.589631195 183.0
55.602761478 162.0
55.615891761 169.0
55.629022044 175.0
55.642152326 193.0
55.655282609 183.0
55.668412892 190.0
55.681543174 179.0
55.694673457 163.0
55.707803740 174.0
55.720934022 177.0
55.734064305 171.0
55.747194588 168.0
55.760324870 172.0
55.773455153 181.0
55.786585436 184.0
55.799715718 190.0
55.812846001 169.0
55.825976284 154.0
55.839106566 162.0
55.852236849 154.0
55.865367132 178.0
55.878497414 199.0
55.891627697 144.0
55.904757980 180.0
55.917888262 152.0
55.931018545 161.0
55.944148828 187.0
55.957279110 182.0
55.970409393 148.0
55.983539676 151.0
55.996669958 179.0
56.009800241 169.0
56.022930524 179.0
56.036060807 180.0
56.049191089 186.0
56.062321372 172.0
56.075451655 196.0
56.088581937 143.0
56.101712220 167.0
56.114842503 188.0
56.127972785 162.0
56.141103068 177.0
56.154233351 173.0
56.167363633 149.0
56.180493916 167.0
56.193624199 149.0
56.206754481 151.0
56.219884764 157.0
56.233015047 153.0
56.246145329 150.0
56.259275612 159.0
56.272405895 181.0
56.285536177 162.0
56.298666460 151.0
56.311796743 155.0
56.324927025 146.0
56.338057308 167.0
56.351187591 173.0
56.364317873 149.0
56.377448156 152.0
56.390578439 144.0
56.403708721 161.0
56.416839004 162.0
56.429969287 156.0
56.443099570 141.0
56.456229852 176.0
56.469360135 159.0
56.482490418 169.0
56.495620700 161.0
56.508750983 164.0
56.521881266 157.0
56.535011548 157.0
56.548141831 172.0
56.561272114 158.0
56.574402396 151.0
56.587532679 146.0
56.600662962 145.0
56.613793244 168.0
56.626923527 164.0
56.640053810 161.0
56.653184092 152.0
56.666314375 141.0
56.679444658 147.0
56.692574940 153.0
56.705705223 139.0
56.718835506 160.0
56.731965788 132.0
56.745096071 169.0
56.758226354 149.0
56.771356636 163.0
56.784486919 159.0
56.797617202 136.0
56.810747484 150.0
56.823877767 161.0
56.837008050 131.0
56.850138332 147.0
56.863268615 156.0
56.876398898 143.0
56.889529181 129.0
56.902659463 143.0
56.915789746 161.0
56.928920029 134.0
56.942050311 160.0
56.955180594 128.0
56.968310877 148.0
56.981441159 136.0
56.994571442 173.0
57.007701725 142.0
57.020832007 157.0
57.033962290 166.0
57.047092573 145.0
57.060222855 149.0
57.073353138 149.0
57.086483421 153.0
57.099613703 143.0
57.112743986 141.0
57.125874269 139.0
57.139004551 127.0
57.152134834 122.0
57.165265117 132.0
57.178395399 141.0
57.191525682 153.0
57.204655965 150.0
57.217786247 128.0
57.230916530 155.0
57.244046813 144.0
57.257177095 136.0
57.270307378 158.0
57.283437661 156.0
57.296567944 158.0
57.309698226 161.0
57.322828509 140.0
57.335958792 174.0
57.349089074 137.0
57.362219357 178.0
57.375349640 175.0
57.388479922 157.0
57.401610205 160.0
57.414740488 148.0
57.427870770 136.0
57.441001053 145.0
57.454131336 170.0
57.467261618 162.0
57.480391901 159.0
57.493522184 161.0
57.506652466 150.0
57.519782749 124.0
57.532913032 145.0
57.546043314 164.0
57.559173597 148.0
57.572303880 160.0
57.585434162 154.0
57.598564445 169.0
57.611694728 140.0
57.624825010 151.0
57.637955293 170.0
57.651085576 167.0
57.664215858 144.0
57.677346141 164.0
57.690476424 159.0
57.703606707 178.0
57.716736989 158.0
57.729867272 164.0
57.742997555 169.0
57.756127837 159.0
57.769258120 147.0
57.782388403 152.0
57.795518685 161.0
57.808648968 139.0
57.821779251 155.0
57.834909533 170.0
57.848039816 169.0
57.861170099 130.0
57.874300381 150.0
57.887430664 173.0
57.900560947 137.0
57.913691229 143.0
57.926821512 163.0
57.939951795 162.0
57.953082077 144.0
57.966212360 124.0
57.979342643 170.0
57.992472925 143.0
58.005603208 164.0
58.018733491 152.0
58.031863773 149.0
58.044994056 144.0
58.058124339 148.0
58.071254621 169.0
58.084384904 159.0
58.097515187 147.0
58.110645470 153.0
58.123775752 145.0
58.136906035 119.0
58.150036318 148.0
58.163166600 174.0
58.176296883 146.0
58.189427166 173.0
58.202557448 151.0
58.215687731 145.0
58.228818014 144.0
58.241948296 122.0
58.255078579 148.0
58.268208862 149.0
58.281339144 164.0
58.294469427 153.0
58.307599710 173.0
58.320729992 157.0
58.333860275 145.0
58.346990558 134.0
58.360120840 155.0
58.373251123 184.0
58.386381406 162.0
58.399511688 173.0
58.412641971 145.0
58.425772254 171.0
58.438902536 150.0
58.452032819 140.0
58.465163102 137.0
58.478293384 177.0
58.491423667 123.0
58.504553950 152.0
58.517684233 153.0
58.530814515 132.0
58.543944798 139.0
58.557075081 130.0
58.570205363 156.0
58.583335646 149.0
58.596465929 124.0
58.609596211 145.0
58.622726494 148.0
58.635856777 133.0
58.648987059 163.0
58.662117342 132.0
58.675247625 169.0
58.688377907 150.0
58.701508190 148.0
58.714638473 153.0
58.727768755 141.0
58.740899038 145.0
58.754029321 159.0
58.767159603 141.0
58.780289886 146.0
58.793420169 145.0
58.806550451 131.0
58.819680734 130.0
58.832811017 134.0
58.845941299 121.0
58.859071582 159.0
58.872201865 154.0
58.885332147 156.0
58.898462430 141.0
58.911592713 150.0
58.924722996 159.0
58.937853278 155.0
58.950983561 140.0
58.964113844 140.0
58.977244126 161.0
58.990374409 148.0
59.003504692 148.0
59.016634974 155.0
59.029765257 163.0
59.042895540 156.0
59.056025822 157.0
59.069156105 154.0
59.082286388 148.0
59.095416670 142.0
59.108546953 166.0
59.121677236 163.0
59.134807518 168.0
59.147937801 136.0
59.161068084 163.0
59.174198366 162.0
59.187328649 140.0
59.200458932 132.0
59.213589214 116.0
59.226719497 145.0
59.239849780 142.0
59.252980062 129.0
59.266110345 138.0
59.279240628 144.0
59.292370910 135.0
59.305501193 146.0
59.318631476 162.0
59.331761759 147.0
59.344892041 151.0
59.358022324 143.0
59.371152607 159.0
59.384282889 161.0
59.397413172 159.0
59.410543455 176.0
59.423673737 149.0
59.436804020 137.0
59.449934303 135.0
59.463064585 139.0
59.476194868 157.0
59.489325151 142.0
59.502455433 141.0
59.515585716 132.0
59.528715999 168.0
59.541846281 137.0
59.554976564 138.0
59.568106847 162.0
59.581237129 168.0
59.594367412 153.0
59.607497695 168.0
59.620627977 144.0
59.633758260 135.0
59.646888543 131.0
59.660018825 143.0
59.673149108 147.0
59.686279391 148.0
59.699409673 158.0
59.712539956 140.0
59.725670239 145.0
59.738800522 134.0
59.751930804 159.0
59.765061087 157.0
59.778191370 141.0
59.791321652 157.0
59.804451935 160.0
59.817582218 149.0
59.830712500 131.0
59.843842783 171.0
59.856973066 139.0
59.870103348 169.0
59.883233631 152.0
59.896363914 161.0
59.909494196 140.0
59.922624479 146.0
59.935754762 157.0
59.948885044 150.0
59.962015327 164.0
59.975145610 158.0
59.988275892 156.0
60.001406175 130.0
60.014536458 145.0
60.027666740 139.0
60.040797023 161.0
60.053927306 153.0
60.067057588 125.0
60.080187871 148.0
60.093318154 156.0
60.106448436 146.0
60.119578719 140.0
60.132709002 152.0
60.145839285 175.0
60.158969567 180.0
60.172099850 153.0
60.185230133 143.0
60.198360415 167.0
60.211490698 153.0
60.224620981 151.0
60.237751263 160.0
60.250881546 157.0
60.264011829 144.0
60.277142111 150.0
60.290272394 161.0
60.303402677 153.0
60.316532959 154.0
60.329663242 143.0
60.342793525 149.0
60.355923807 185.0
60.369054090 171.0
60.382184373 140.0
60.395314655 139.0
60.408444938 167.0
60.421575221 152.0
60.434705503 151.0
60.447835786 168.0
60.460966069 163.0
60.474096351 157.0
60.487226634 162.0
60.500356917 151.0
60.513487199 146.0
60.526617482 141.0
60.539747765 150.0
60.552878047 149.0
60.566008330 152.0
60.579138613 171.0
60.592268896 143.0
60.605399178 173.0
60.618529461 157.0
60.631659744 139.0
60.644790026 126.0
60.657920309 136.0
60.671050592 160.0
60.684180874 146.0
60.697311157 161.0
60.710441440 156.0
60.723571722 175.0
60.736702005 152.0
60.749832288 168.0
60.762962570 157.0
60.776092853 162.0
60.789223136 159.0
60.802353418 172.0
60.815483701 143.0
60.828613984 155.0
60.841744266 145.0
60.854874549 166.0
60.868004832 123.0
60.881135114 160.0
60.894265397 166.0
60.907395680 155.0
60.920525962 139.0
60.933656245 145.0
60.946786528 142.0
60.959916810 156.0
60.973047093 149.0
60.986177376 195.0
60.999307659 166.0
61.012437941 152.0
61.025568224 163.0
61.038698507 180.0
61.051828789 156.0
61.064959072 166.0
61.078089355 163.0
61.091219637 167.0
61.104349920 155.0
61.117480203 147.0
61.130610485 175.0
61.143740768 146.0
61.156871051 152.0
61.170001333 175.0
61.183131616 151.0
61.196261899 183.0
61.209392181 158.0
61.222522464 163.0
61.235652747 166.0
61.248783029 156.0
61.261913312 161.0
61.275043595 150.0
61.288173877 148.0
61.301304160 154.0
61.314434443 177.0
61.327564725 172.0
61.340695008 163.0
61.353825291 156.0
61.366955573 164.0
61.380085856 172.0
61.393216139 149.0
61.406346422 179.0
61.419476704 153.0
61.432606987 167.0
61.445737270 162.0
61.458867552 159.0
61.471997835 171.0
61.485128118 150.0
61.498258400 177.0
61.511388683 154.0
61.524518966 178.0
61.537649248 165.0
61.550779531 179.0
61.563909814 188.0
61.577040096 168.0
61.590170379 145.0
61.603300662 163.0
61.616430944 167.0
61.629561227 148.0
61.642691510 148.0
61.655821792 162.0
61.668952075 150.0
61.682082358 172.0
61.695212640 160.0
61.708342923 174.0
61.721473206 167.0
61.734603488 173.0
61.747733771 160.0
61.760864054 156.0
61.773994336 154.0
61.787124619 169.0
61.800254902 170.0
61.813385185 164.0
61.826515467 168.0
61.839645750 169.0
61.852776033 152.0
61.865906315 148.0
61.879036598 149.0
61.892166881 159.0
61.905297163 168.0
61.918427446 164.0
61.931557729 168.0
61.944688011 159.0
61.957818294 161.0
61.970948577 150.0
61.984078859 178.0
61.997209142 168.0
62.010339425 149.0
62.023469707 159.0
62.036599990 166.0
62.049730273 165.0
62.062860555 183.0
62.075990838 171.0
62.089121121 161.0
62.102251403 161.0
62.115381686 148.0
62.128511969 155.0
62.141642251 146.0
62.154772534 162.0
62.167902817 174.0
62.181033099 165.0
62.194163382 164.0
62.207293665 159.0
62.220423948 165.0
62.233554230 168.0
62.246684513 164.0
62.259814796 147.0
62.272945078 166.0
62.286075361 167.0
62.299205644 170.0
62.312335926 161.0
62.325466209 174.0
62.338596492 153.0
62.351726774 182.0
62.364857057 174.0
62.377987340 177.0
62.391117622 156.0
62.404247905 175.0
62.417378188 182.0
62.430508470 176.0
62.443638753 144.0
62.456769036 163.0
62.469899318 164.0
62.483029601 166.0
62.496159884 161.0
62.509290166 170.0
62.522420449 175.0
62.535550732 178.0
62.548681014 159.0
62.561811297 162.0
62.574941580 170.0
62.588071862 187.0
62.601202145 171.0
62.614332428 162.0
62.627462711 166.0
62.640592993 155.0
62.653723276 183.0
62.666853559 179.0
62.679983841 158.0
62.693114124 150.0
62.706244407 182.0
62.719374689 181.0
62.732504972 190.0
62.745635255 180.0
62.758765537 185.0
62.771895820 178.0
62.785026103 146.0
62.798156385 167.0
62.811286668 179.0
62.824416951 178.0
62.837547233 149.0
62.850677516 182.0
62.863807799 164.0
62.876938081 179.0
62.890068364 186.0
62.903198647 180.0
62.916328929 177.0
62.929459212 177.0
62.942589495 182.0
62.955719777 181.0
62.968850060 174.0
62.981980343 170.0
62.995110625 172.0
63.008240908 163.0
63.021371191 180.0
63.034501474 160.0
63.047631756 197.0
63.060762039 190.0
63.073892322 175.0
63.087022604 203.0
63.100152887 181.0
63.113283170 172.0
63.126413452 187.0
63.139543735 171.0
63.152674018 184.0
63.165804300 193.0
63.178934583 174.0
63.192064866 191.0
63.205195148 184.0
63.218325431 173.0
63.231455714 180.0
63.244585996 209.0
63.257716279 178.0
63.270846562 155.0
63.283976844 143.0
63.297107127 170.0
63.310237410 167.0
63.323367692 184.0
63.336497975 174.0
63.349628258 158.0
63.362758540 178.0
63.375888823 194.0
63.389019106 189.0
63.402149388 190.0
63.415279671 175.0
63.428409954 180.0
63.441540237 191.0
63.454670519 157.0
63.467800802 174.0
63.480931085 177.0
63.494061367 180.0
63.507191650 175.0
63.520321933 175.0
63.533452215 167.0
63.546582498 175.0
63.559712781 176.0
63.572843063 169.0
63.585973346 169.0
63.599103629 188.0
63.612233911 158.0
63.625364194 155.0
63.638494477 162.0
63.651624759 152.0
63.664755042 183.0
63.677885325 168.0
63.691015607 157.0
63.704145890 167.0
63.717276173 170.0
63.730406455 153.0
63.743536738 149.0
63.756667021 153.0
63.769797303 154.0
63.782927586 135.0
63.796057869 147.0
63.809188151 147.0
63.822318434 136.0
63.835448717 137.0
63.848578999 144.0
63.861709282 162.0
63.874839565 159.0
63.887969848 152.0
63.901100130 177.0
63.914230413 174.0
63.927360696 147.0
63.940490978 160.0
63.953621261 163.0
63.966751544 183.0
63.979881826 159.0
63.993012109 142.0
64.006142392 147.0
64.019272674 162.0
64.032402957 141.0
64.045533240 139.0
64.058663522 152.0
64.071793805 133.0
64.084924088 152.0
64.098054370 166.0
64.111184653 149.0
64.124314936 146.0
64.137445218 163.0
64.150575501 142.0
64.163705784 150.0
64.176836066 156.0
64.189966349 163.0
64.203096632 149.0
64.216226914 144.0
64.229357197 147.0
64.242487480 155.0
64.255617762 146.0
64.268748045 137.0
64.281878328 170.0
64.295008611 152.0
64.308138893 151.0
64.321269176 133.0
64.334399459 156.0
64.347529741 144.0
64.360660024 147.0
64.373790307 140.0
64.386920589 139.0
64.400050872 139.0
64.413181155 157.0
64.426311437 168.0
64.439441720 167.0
64.452572003 149.0
64.465702285 148.0
64.478832568 146.0
64.491962851 143.0
64.505093133 160.0
64.518223416 151.0
64.531353699 142.0
64.544483981 157.0
64.557614264 164.0
64.570744547 155.0
64.583874829 128.0
64.597005112 132.0
64.610135395 139.0
64.623265677 152.0
64.636395960 140.0
64.649526243 147.0
64.662656525 143.0
64.675786808 136.0
64.688917091 145.0
64.702047374 162.0
64.715177656 165.0
64.728307939 152.0
64.741438222 133.0
64.754568504 143.0
64.767698787 151.0
64.780829070 164.0
64.793959352 117.0
64.807089635 160.0
64.820219918 128.0
64.833350200 136.0
64.846480483 160.0
64.859610766 137.0
64.872741048 154.0
64.885871331 143.0
64.899001614 133.0
64.912131896 155.0
64.925262179 142.0
64.938392462 162.0
64.951522744 147.0
64.964653027 171.0
64.977783310 138.0
64.990913592 147.0
65.004043875 120.0
65.017174158 142.0
65.030304440 139.0
65.043434723 127.0
65.056565006 147.0
65.069695288 142.0
65.082825571 156.0
65.095955854 159.0
65.109086137 153.0
65.122216419 143.0
65.135346702 145.0
65.148476985 151.0
65.161607267 159.0
65.174737550 149.0
65.187867833 168.0
65.200998115 172.0
65.214128398 176.0
65.227258681 153.0
65.240388963 144.0
65.253519246 149.0
65.266649529 130.0
65.279779811 167.0
65.292910094 168.0
65.306040377 151.0
65.319170659 146.0
65.332300942 175.0
65.345431225 178.0
65.358561507 136.0
65.371691790 136.0
65.384822073 169.0
65.397952355 156.0
65.411082638 147.0
65.424212921 144.0
65.437343203 157.0
65.450473486 133.0
65.463603769 153.0
65.476734051 157.0
65.489864334 160.0
65.502994617 184.0
65.516124900 172.0
65.529255182 178.0
65.542385465 138.0
65.555515748 153.0
65.568646030 149.0
65.581776313 159.0
65.594906596 169.0
65.608036878 159.0
65.621167161 165.0
65.634297444 163.0
65.647427726 188.0
65.660558009 131.0
65.673688292 141.0
65.686818574 131.0
65.699948857 151.0
65.713079140 152.0
65.726209422 150.0
65.739339705 159.0
65.752469988 137.0
65.765600270 167.0
65.778730553 151.0
65.791860836 149.0
65.804991118 152.0
65.818121401 168.0
65.831251684 154.0
65.844381966 146.0
65.857512249 151.0
65.870642532 155.0
65.883772814 146.0
65.896903097 175.0
65.910033380 169.0
65.923163663 171.0
65.936293945 154.0
65.949424228 169.0
65.962554511 145.0
65.975684793 164.0
65.988815076 156.0
66.001945359 158.0
66.015075641 164.0
66.028205924 175.0
66.041336207 144.0
66.054466489 174.0
66.067596772 171.0
66.080727055 191.0
66.093857337 166.0
66.106987620 157.0
66.120117903 179.0
66.133248185 153.0
66.146378468 156.0
66.159508751 149.0
66.172639033 145.0
66.185769316 144.0
66.198899599 142.0
66.212029881 169.0
66.225160164 164.0
66.238290447 157.0
66.251420729 180.0
66.264551012 156.0
66.277681295 147.0
66.290811577 157.0
66.303941860 157.0
66.317072143 158.0
66.330202426 133.0
66.343332708 140.0
66.356462991 168.0
66.369593274 179.0
66.382723556 159.0
66.395853839 171.0
66.408984122 155.0
66.422114404 160.0
66.435244687 163.0
66.448374970 148.0
66.461505252 174.0
66.474635535 182.0
66.487765818 161.0
66.500896100 158.0
66.514026383 170.0
66.527156666 178.0
66.540286948 138.0
66.553417231 159.0
66.566547514 166.0
66.579677796 186.0
66.592808079 179.0
66.605938362 169.0
66.619068644 177.0
66.632198927 149.0
66.645329210 179.0
66.658459492 162.0
66.671589775 184.0
66.684720058 184.0
66.697850340 159.0
66.710980623 131.0
66.724110906 156.0
66.737241189 151.0
66.750371471 162.0
66.763501754 132.0
66.776632037 151.0
66.789762319 173.0
66.802892602 171.0
66.816022885 148.0
66.829153167 174.0
66.842283450 169.0
66.855413733 135.0
66.868544015 153.0
66.881674298 164.0
66.894804581 161.0
66.907934863 155.0
66.921065146 134.0
66.934195429 150.0
66.947325711 144.0
66.960455994 159.0
66.973586277 153.0
66.986716559 149.0
66.999846842 161.0
67.012977125 116.0
67.026107407 150.0
67.039237690 166.0
67.052367973 157.0
67.065498255 147.0
67.078628538 165.0
67.091758821 144.0
67.104889103 144.0
67.118019386 131.0
67.131149669 167.0
67.144279952 167.0
67.157410234 171.0
67.170540517 171.0
67.183670800 166.0
67.196801082 157.0
67.209931365 148.0
67.223061648 154.0
67.236191930 120.0
67.249322213 166.0
67.262452496 134.0
67.275582778 185.0
67.288713061 134.0
67.301843344 167.0
67.314973626 124.0
67.328103909 150.0
67.341234192 145.0
67.354364474 152.0
67.367494757 136.0
67.380625040 175.0
67.393755322 145.0
67.406885605 180.0
67.420015888 135.0
67.433146170 154.0
67.446276453 171.0
67.459406736 163.0
67.472537018 147.0
67.485667301 150.0
67.498797584 155.0
67.511927866 158.0
67.525058149 174.0
67.538188432 138.0
67.551318714 145.0
67.564448997 166.0
67.577579280 160.0
67.590709563 147.0
67.603839845 176.0
67.616970128 134.0
67.630100411 158.0
67.643230693 179.0
67.656360976 147.0
67.669491259 163.0
67.682621541 134.0
67.695751824 143.0
67.708882107 174.0
67.722012389 163.0
67.735142672 144.0
67.748272955 150.0
67.761403237 170.0
67.774533520 174.0
67.787663803 147.0
67.800794085 152.0
67.813924368 164.0
67.827054651 168.0
67.840184933 176.0
67.853315216 148.0
67.866445499 144.0
67.879575781 157.0
67.892706064 153.0
67.905836347 165.0
67.918966629 149.0
67.932096912 151.0
67.945227195 138.0
67.958357477 160.0
67.971487760 163.0
67.984618043 165.0
67.997748326 174.0
68.010878608 164.0
68.024008891 156.0
68.037139174 177.0
68.050269456 167.0
68.063399739 139.0
68.076530022 178.0
68.089660304 149.0
68.102790587 155.0
68.115920870 155.0
68.129051152 186.0
68.142181435 180.0
68.155311718 188.0
68.168442000 171.0
68.181572283 181.0
68.194702566 197.0
68.207832848 162.0
68.220963131 182.0
68.234093414 185.0
68.247223696 176.0
68.260353979 155.0
68.273484262 168.0
68.286614544 167.0
68.299744827 159.0
68.312875110 175.0
68.326005392 159.0
68.339135675 159.0
68.352265958 163.0
68.365396240 174.0
68.378526523 165.0
68.391656806 194.0
68.404787089 201.0
68.417917371 182.0
68.431047654 171.0
68.444177937 182.0
68.457308219 177.0
68.470438502 191.0
68.483568785 180.0
68.496699067 182.0
68.509829350 184.0
68.522959633 179.0
68.536089915 192.0
68.549220198 192.0
68.562350481 157.0
68.575480763 185.0
68.588611046 197.0
68.601741329 182.0
68.614871611 206.0
68.628001894 198.0
68.641132177 212.0
68.654262459 187.0
68.667392742 191.0
68.680523025 185.0
68.693653307 165.0
68.706783590 212.0
68.719913873 210.0
68.733044155 205.0
68.746174438 213.0
68.759304721 211.0
68.772435003 204.0
68.785565286 193.0
68.798695569 200.0
68.811825852 185.0
68.824956134 211.0
68.838086417 226.0
68.851216700 207.0
68.864346982 211.0
68.877477265 199.0
68.890607548 226.0
68.903737830 198.0
68.916868113 236.0
68.929998396 217.0
68.943128678 237.0
68.956258961 228.0
68.969389244 223.0
68.982519526 231.0
68.995649809 244.0
69.008780092 230.0
69.021910374 233.0
69.035040657 222.0
69.048170940 222.0
69.061301222 264.0
69.074431505 234.0
69.087561788 275.0
69.100692070 269.0
69.113822353 262.0
69.126952636 289.0
69.140082918 266.0
69.153213201 256.0
69.166343484 272.0
69.179473766 279.0
69.192604049 271.0
69.205734332 273.0
69.218864615 271.0
69.231994897 278.0
69.245125180 264.0
69.258255463 263.0
69.271385745 304.0
69.284516028 278.0
69.297646311 314.0
69.310776593 294.0
69.323906876 306.0
69.337037159 338.0
69.350167441 332.0
69.363297724 345.0
69.376428007 307.0
69.389558289 305.0
69.402688572 334.0
69.415818855 344.0
69.428949137 328.0
69.442079420 282.0
69.455209703 299.0
69.468339985 296.0
69.481470268 299.0
69.494600551 288.0
69.507730833 289.0
69.520861116 306.0
69.533991399 238.0
69.547121681 256.0
69.560251964 236.0
69.573382247 256.0
69.586512529 244.0
69.599642812 275.0
69.612773095 261.0
69.625903378 232.0
69.639033660 226.0
69.652163943 246.0
69.665294226 217.0
69.678424508 259.0
69.691554791 234.0
69.704685074 228.0
69.717815356 212.0
69.730945639 211.0
69.744075922 205.0
69.757206204 201.0
69.770336487 203.0
69.783466770 177.0
69.796597052 185.0
69.809727335 194.0
69.822857618 219.0
69.835987900 201.0
69.849118183 186.0
69.862248466 195.0
69.875378748 202.0
69.888509031 195.0
69.901639314 205.0
69.914769596 192.0
69.927899879 199.0
69.941030162 170.0
69.954160444 172.0
69.967290727 173.0
69.980421010 194.0
69.993551292 157.0
70.006681575 190.0
70.019811858 180.0
70.032942141 169.0
70.046072423 164.0
70.059202706 157.0
70.072332989 188.0
70.085463271 158.0
70.098593554 180.0
70.111723837 159.0
70.124854119 156.0
70.137984402 161.0
70.151114685 191.0
70.164244967 167.0
70.177375250 183.0
70.190505533 190.0
70.203635815 198.0
70.216766098 179.0
70.229896381 168.0
70.243026663 190.0
70.256156946 193.0
70.269287229 152.0
70.282417511 168.0
70.295547794 174.0
70.308678077 147.0
70.321808359 184.0
70.334938642 166.0
70.348068925 187.0
70.361199207 186.0
70.374329490 165.0
70.387459773 193.0
70.400590055 186.0
70.413720338 182.0
70.426850621 193.0
70.439980904 166.0
70.453111186 140.0
70.466241469 173.0
70.479371752 175.0
70.492502034 152.0
70.505632317 155.0
70.518762600 155.0
70.531892882 177.0
70.545023165 154.0
70.558153448 143.0
70.571283730 176.0
70.584414013 160.0
70.597544296 182.0
70.610674578 174.0
70.623804861 180.0
70.636935144 183.0
70.650065426 198.0
70.663195709 166.0
70.676325992 155.0
70.689456274 157.0
70.702586557 182.0
70.715716840 160.0
70.728847122 159.0
70.741977405 172.0
70.755107688 169.0
70.768237970 180.0
70.781368253 144.0
70.794498536 168.0
70.807628818 161.0
70.820759101 175.0
70.833889384 173.0
70.847019666 166.0
70.860149949 172.0
70.873280232 161.0
70.886410515 185.0
70.899540797 156.0
70.912671080 175.0
70.925801363 171.0
70.938931645 170.0
70.952061928 168.0
70.965192211 158.0
70.978322493 156.0
70.991452776 157.0
71.004583059 161.0
71.017713341 178.0
71.030843624 185.0
71.043973907 170.0
71.057104189 173.0
71.070234472 163.0
71.083364755 181.0
71.096495037 154.0
71.109625320 151.0
71.122755603 160.0
71.135885885 175.0
71.149016168 168.0
71.162146451 162.0
71.175276733 159.0
71.188407016 148.0
71.201537299 159.0
71.214667581 183.0
71.227797864 173.0
71.240928147 164.0
71.254058429 156.0
71.267188712 134.0
71.280318995 162.0
71.293449278 133.0
71.306579560 161.0
71.319709843 147.0
71.332840126 163.0
71.345970408 142.0
71.359100691 150.0
71.372230974 159.0
71.385361256 136.0
71.398491539 145.0
71.411621822 145.0
71.424752104 132.0
71.437882387 145.0
71.451012670 173.0
71.464142952 172.0
71.477273235 173.0
71.490403518 146.0
71.503533800 148.0
71.516664083 147.0
71.529794366 136.0
71.542924648 147.0
71.556054931 170.0
71.569185214 165.0
71.582315496 147.0
71.595445779 163.0
71.608576062 159.0
71.621706344 184.0
71.634836627 159.0
71.647966910 160.0
71.661097192 150.0
71.674227475 178.0
71.687357758 175.0
71.700488041 166.0
71.713618323 147.0
71.726748606 170.0
71.739878889 159.0
71.753009171 164.0
71.766139454 163.0
71.779269737 142.0
71.792400019 141.0
71.805530302 134.0
71.818660585 176.0
71.831790867 145.0
71.844921150 145.0
71.858051433 156.0
71.871181715 171.0
71.884311998 158.0
71.897442281 151.0
71.910572563 137.0
71.923702846 161.0
71.936833129 147.0
71.949963411 140.0
71.963093694 160.0
71.976223977 167.0
71.989354259 169.0
72.002484542 154.0
72.015614825 147.0
72.028745107 164.0
72.041875390 136.0
72.055005673 156.0
72.068135955 140.0
72.081266238 187.0
72.094396521 133.0
72.107526804 158.0
72.120657086 174.0
72.133787369 156.0
72.146917652 172.0
72.160047934 157.0
72.173178217 137.0
72.186308500 170.0
72.199438782 132.0
72.212569065 141.0
72.225699348 131.0
72.238829630 152.0
72.251959913 141.0
72.265090196 168.0
72.278220478 142.0
72.291350761 174.0
72.304481044 132.0
72.317611326 150.0
72.330741609 162.0
72.343871892 128.0
72.357002174 160.0
72.370132457 143.0
72.383262740 160.0
72.396393022 160.0
72.409523305 144.0
72.422653588 158.0
72.435783870 161.0
72.448914153 154.0
72.462044436 160.0
72.475174718 158.0
72.488305001 150.0
72.501435284 166.0
72.514565567 170.0
72.527695849 164.0
72.540826132 149.0
72.553956415 163.0
72.567086697 174.0
72.580216980 151.0
72.593347263 156.0
72.606477545 176.0
72.619607828 173.0
72.632738111 159.0
72.645868393 157.0
72.658998676 164.0
72.672128959 175.0
72.685259241 168.0
72.698389524 179.0
72.711519807 178.0
72.724650089 187.0
72.737780372 132.0
72.750910655 203.0
72.764040937 165.0
72.777171220 175.0
72.790301503 157.0
72.803431785 199.0
72.816562068 186.0
72.829692351 205.0
72.842822633 192.0
72.855952916 197.0
72.869083199 186.0
72.882213481 214.0
72.895343764 218.0
72.908474047 189.0
72.921604330 217.0
72.934734612 236.0
72.947864895 243.0
72.960995178 216.0
72.974125460 222.0
72.987255743 200.0
73.000386026 220.0
73.013516308 243.0
73.026646591 220.0
73.039776874 239.0
73.052907156 278.0
73.066037439 277.0
73.079167722 271.0
73.092298004 274.0
73.105428287 292.0
73.118558570 224.0
73.131688852 237.0
73.144819135 256.0
73.157949418 271.0
73.171079700 257.0
73.184209983 238.0
73.197340266 217.0
73.210470548 235.0
73.223600831 224.0
73.236731114 282.0
73.249861396 209.0
73.262991679 228.0
73.276121962 225.0
73.289252244 261.0
73.302382527 234.0
73.315512810 238.0
73.328643093 247.0
73.341773375 212.0
73.354903658 225.0
73.368033941 219.0
73.381164223 238.0
73.394294506 223.0
73.407424789 230.0
73.420555071 237.0
73.433685354 235.0
73.446815637 236.0
73.459945919 219.0
73.473076202 177.0
73.486206485 191.0
73.499336767 184.0
73.512467050 177.0
73.525597333 215.0
73.538727615 199.0
73.551857898 199.0
73.564988181 173.0
73.578118463 207.0
73.591248746 193.0
73.604379029 166.0
73.617509311 209.0
73.630639594 162.0
73.643769877 173.0
73.656900159 196.0
73.670030442 181.0
73.683160725 181.0
73.696291007 185.0
73.709421290 177.0
73.722551573 189.0
73.735681856 166.0
73.748812138 206.0
73.761942421 165.0
73.775072704 185.0
73.788202986 177.0
73.801333269 172.0
73.814463552 178.0
73.827593834 162.0
73.840724117 164.0
73.853854400 186.0
73.866984682 181.0
73.880114965 177.0
73.893245248 142.0
73.906375530 167.0
73.919505813 165.0
73.932636096 175.0
73.945766378 158.0
73.958896661 171.0
73.972026944 179.0
73.985157226 166.0
73.998287509 164.0
74.011417792 159.0
74.024548074 181.0
74.037678357 170.0
74.050808640 136.0
74.063938922 171.0
74.077069205 147.0
74.090199488 170.0
74.103329770 150.0
74.116460053 152.0
74.129590336 150.0
74.142720619 145.0
74.155850901 162.0
74.168981184 154.0
74.182111467 160.0
74.195241749 143.0
74.208372032 175.0
74.221502315 159.0
74.234632597 149.0
74.247762880 164.0
74.260893163 163.0
74.274023445 166.0
74.287153728 134.0
74.300284011 159.0
74.313414293 178.0
74.326544576 162.0
74.339674859 169.0
74.352805141 127.0
74.365935424 153.0
74.379065707 169.0
74.392195989 144.0
74.405326272 123.0
74.418456555 158.0
74.431586837 173.0
74.444717120 158.0
74.457847403 164.0
74.470977685 170.0
74.484107968 171.0
74.497238251 144.0
74.510368533 154.0
74.523498816 137.0
74.536629099 171.0
74.549759381 158.0
74.562889664 141.0
74.576019947 160.0
74.589150230 177.0
74.602280512 162.0
74.615410795 161.0
74.628541078 152.0
74.641671360 133.0
74.654801643 151.0
74.667931926 182.0
74.681062208 177.0
74.694192491 167.0
74.707322774 172.0
74.720453056 151.0
74.733583339 155.0
74.746713622 134.0
74.759843904 156.0
74.772974187 136.0
74.786104470 158.0
74.799234752 166.0
74.812365035 157.0
74.825495318 149.0
74.838625600 162.0
74.851755883 130.0
74.864886166 154.0
74.878016448 144.0
74.891146731 175.0
74.904277014 157.0
74.917407296 149.0
74.930537579 139.0
74.943667862 143.0
74.956798144 155.0
74.969928427 163.0
74.983058710 184.0
74.996188993 124.0
75.009319275 171.0
75.022449558 160.0
75.035579841 145.0
75.048710123 163.0
75.061840406 160.0
75.074970689 151.0
75.088100971 152.0
75.101231254 139.0
75.114361537 141.0
75.127491819 148.0
75.140622102 128.0
75.153752385 131.0
75.166882667 145.0
75.180012950 162.0
75.193143233 149.0
75.206273515 142.0
75.219403798 152.0
75.232534081 183.0
75.245664363 154.0
75.258794646 159.0
75.271924929 160.0
75.285055211 154.0
75.298185494 145.0
75.311315777 140.0
75.324446059 144.0
75.337576342 150.0
75.350706625 163.0
75.363836907 153.0
75.376967190 167.0
75.390097473 142.0
75.403227756 167.0
75.416358038 152.0
75.429488321 172.0
75.442618604 152.0
75.455748886 144.0
75.468879169 151.0
75.482009452 159.0
75.495139734 156.0
75.508270017 159.0
75.521400300 148.0
75.534530582 133.0
75.547660865 157.0
75.560791148 161.0
75.573921430 159.0
75.587051713 169.0
75.600181996 165.0
75.613312278 128.0
75.626442561 145.0
75.639572844 139.0
75.652703126 169.0
75.665833409 152.0
75.678963692 138.0
75.692093974 136.0
75.705224257 157.0
75.718354540 157.0
75.731484822 150.0
75.744615105 167.0
75.757745388 152.0
75.770875670 152.0
75.784005953 142.0
75.797136236 162.0
75.810266519 151.0
75.823396801 183.0
75.836527084 147.0
75.849657367 124.0
75.862787649 136.0
75.875917932 175.0
75.889048215 150.0
75.902178497 154.0
75.915308780 191.0
75.928439063 157.0
75.941569345 171.0
75.954699628 169.0
75.967829911 161.0
75.980960193 151.0
75.994090476 156.0
76.007220759 140.0
76.020351041 159.0
76.033481324 157.0
76.046611607 158.0
76.059741889 140.0
76.072872172 129.0
76.086002455 152.0
76.099132737 139.0
76.112263020 135.0
76.125393303 160.0
76.138523585 146.0
76.151653868 177.0
76.164784151 140.0
76.177914433 150.0
76.191044716 147.0
76.204174999 149.0
76.217305282 143.0
76.230435564 124.0
76.243565847 149.0
76.256696130 144.0
76.269826412 155.0
76.282956695 152.0
76.296086978 170.0
76.309217260 149.0
76.322347543 170.0
76.335477826 141.0
76.348608108 129.0
76.361738391 128.0
76.374868674 178.0
76.387998956 169.0
76.401129239 147.0
76.414259522 140.0
76.427389804 136.0
76.440520087 152.0
76.453650370 158.0
76.466780652 133.0
76.479910935 149.0
76.493041218 159.0
76.506171500 165.0
76.519301783 156.0
76.532432066 167.0
76.545562348 142.0
76.558692631 151.0
76.571822914 156.0
76.584953196 140.0
76.598083479 145.0
76.611213762 140.0
76.624344045 140.0
76.637474327 143.0
76.650604610 149.0
76.663734893 156.0
76.676865175 143.0
76.689995458 160.0
76.703125741 156.0
76.716256023 161.0
76.729386306 157.0
76.742516589 157.0
76.755646871 160.0
76.768777154 162.0
76.781907437 157.0
76.795037719 148.0
76.808168002 149.0
76.821298285 166.0
76.834428567 160.0
76.847558850 145.0
76.860689133 134.0
76.873819415 132.0
76.886949698 138.0
76.900079981 151.0
76.913210263 136.0
76.926340546 150.0
76.939470829 130.0
76.952601111 133.0
76.965731394 139.0
76.978861677 147.0
76.991991959 126.0
77.005122242 130.0
77.018252525 145.0
77.031382808 147.0
77.044513090 148.0
77.057643373 179.0
77.070773656 154.0
77.083903938 147.0
77.097034221 137.0
77.110164504 142.0
77.123294786 141.0
77.136425069 163.0
77.149555352 149.0
77.162685634 137.0
77.175815917 162.0
77.188946200 140.0
77.202076482 170.0
77.215206765 126.0
77.228337048 137.0
77.241467330 142.0
77.254597613 140.0
77.267727896 147.0
77.280858178 144.0
77.293988461 155.0
77.307118744 134.0
77.320249026 128.0
77.333379309 148.0
77.346509592 144.0
77.359639874 155.0
77.372770157 131.0
77.385900440 143.0
77.399030722 134.0
77.412161005 147.0
77.425291288 152.0
77.438421571 149.0
77.451551853 146.0
77.464682136 152.0
77.477812419 135.0
77.490942701 139.0
77.504072984 122.0
77.517203267 153.0
77.530333549 136.0
77.543463832 122.0
77.556594115 142.0
77.569724397 155.0
77.582854680 155.0
77.595984963 144.0
77.609115245 128.0
77.622245528 142.0
77.635375811 166.0
77.648506093 146.0
77.661636376 169.0
77.674766659 151.0
77.687896941 147.0
77.701027224 134.0
77.714157507 133.0
77.727287789 128.0
77.740418072 115.0
77.753548355 157.0
77.766678637 141.0
77.779808920 151.0
77.792939203 137.0
77.806069485 140.0
77.819199768 133.0
77.832330051 145.0
77.845460333 145.0
77.858590616 119.0
77.871720899 156.0
77.884851182 130.0
77.897981464 134.0
77.911111747 136.0
77.924242030 131.0
77.937372312 122.0
77.950502595 134.0
77.963632878 149.0
77.976763160 141.0
77.989893443 142.0
78.003023726 140.0
78.016154008 184.0
78.029284291 151.0
78.042414574 154.0
78.055544856 149.0
78.068675139 125.0
78.081805422 163.0
78.094935704 147.0
78.108065987 126.0
78.121196270 144.0
78.134326552 157.0
78.147456835 151.0
78.160587118 155.0
78.173717400 155.0
78.186847683 140.0
78.199977966 137.0
78.213108248 151.0
78.226238531 151.0
78.239368814 154.0
78.252499096 156.0
78.265629379 159.0
78.278759662 137.0
78.291889945 164.0
78.305020227 130.0
78.318150510 145.0
78.331280793 159.0
78.344411075 132.0
78.357541358 136.0
78.370671641 146.0
78.383801923 154.0
78.396932206 152.0
78.410062489 137.0
78.423192771 132.0
78.436323054 157.0
78.449453337 151.0
78.462583619 146.0
78.475713902 144.0
78.488844185 160.0
78.501974467 170.0
78.515104750 143.0
78.528235033 158.0
78.541365315 136.0
78.554495598 163.0
78.567625881 149.0
78.580756163 145.0
78.593886446 133.0
78.607016729 161.0
78.620147011 138.0
78.633277294 172.0
78.646407577 159.0
78.659537859 142.0
78.672668142 160.0
78.685798425 165.0
78.698928708 158.0
78.712058990 133.0
78.725189273 148.0
78.738319556 143.0
78.751449838 125.0
78.764580121 144.0
78.777710404 142.0
78.790840686 145.0
78.803970969 162.0
78.817101252 161.0
78.830231534 153.0
78.843361817 155.0
78.856492100 164.0
78.869622382 161.0
78.882752665 134.0
78.895882948 141.0
78.909013230 137.0
78.922143513 130.0
78.935273796 168.0
78.948404078 139.0
78.961534361 146.0
78.974664644 131.0
78.987794926 156.0
79.000925209 139.0
79.014055492 138.0
79.027185774 130.0
79.040316057 135.0
79.053446340 160.0
79.066576622 157.0
79.079706905 130.0
79.092837188 145.0
79.105967471 154.0
79.119097753 133.0
79.132228036 172.0
79.145358319 154.0
79.158488601 140.0
79.171618884 140.0
79.184749167 168.0
79.197879449 135.0
79.211009732 148.0
79.224140015 161.0
79.237270297 167.0
79.250400580 160.0
79.263530863 162.0
79.276661145 130.0
79.289791428 142.0
79.302921711 153.0
79.316051993 137.0
79.329182276 131.0
79.342312559 150.0
79.355442841 150.0
79.368573124 145.0
79.381703407 170.0
79.394833689 157.0
79.407963972 131.0
79.421094255 140.0
79.434224537 179.0
79.447354820 145.0
79.460485103 118.0
79.473615385 164.0
79.486745668 136.0
79.499875951 137.0
79.513006234 149.0
79.526136516 154.0
79.539266799 173.0
79.552397082 163.0
79.565527364 140.0
79.578657647 156.0
79.591787930 162.0
79.604918212 143.0
79.618048495 148.0
79.631178778 154.0
79.644309060 137.0
79.657439343 142.0
79.670569626 154.0
79.683699908 148.0
79.696830191 149.0
79.709960474 142.0
79.723090756 161.0
79.736221039 139.0
79.749351322 152.0
79.762481604 145.0
79.775611887 140.0
79.788742170 149.0
79.801872452 157.0
79.815002735 163.0
79.828133018 143.0
79.841263300 149.0
79.854393583 145.0
79.867523866 142.0
79.880654148 132.0
79.893784431 149.0
79.906914714 161.0
79.920044997 132.0
79.933175279 139.0
79.946305562 148.0
79.959435845 143.0
79.972566127 140.0
79.985696410 146.0
79.998826693 159.0
80.011956975 153.0
80.025087258 155.0
80.038217541 149.0
80.051347823 162.0
80.064478106 156.0
80.077608389 178.0
80.090738671 152.0
80.103868954 141.0
80.116999237 148.0
80.130129519 151.0
80.143259802 144.0
80.156390085 131.0
80.169520367 147.0
80.182650650 127.0
80.195780933 150.0
80.208911215 118.0
80.222041498 153.0
80.235171781 163.0
80.248302063 133.0
80.261432346 141.0
80.274562629 120.0
80.287692911 144.0
80.300823194 141.0
80.313953477 128.0
80.327083760 133.0
80.340214042 151.0
80.353344325 118.0
80.366474608 146.0
80.379604890 162.0
80.392735173 152.0
80.405865456 157.0
80.418995738 131.0
80.432126021 136.0
80.445256304 180.0
80.458386586 147.0
80.471516869 135.0
80.484647152 160.0
80.497777434 172.0
80.510907717 159.0
80.524038000 162.0
80.537168282 168.0
80.550298565 142.0
80.563428848 150.0
80.576559130 192.0
80.589689413 164.0
80.602819696 163.0
80.615949978 161.0
80.629080261 161.0
80.642210544 160.0
80.655340826 135.0
80.668471109 145.0
80.681601392 148.0
80.694731674 146.0
80.707861957 167.0
80.720992240 160.0
80.734122523 123.0
80.747252805 154.0
80.760383088 143.0
80.773513371 152.0
80.786643653 134.0
80.799773936 150.0
80.812904219 157.0
80.826034501 157.0
80.839164784 134.0
80.852295067 152.0
80.865425349 161.0
80.878555632 163.0
80.891685915 179.0
80.904816197 163.0
80.917946480 164.0
80.931076763 148.0
80.944207045 159.0
80.957337328 168.0
80.970467611 185.0
80.983597893 139.0
80.996728176 181.0
81.009858459 151.0
81.022988741 166.0
81.036119024 141.0
81.049249307 181.0
81.062379589 180.0
81.075509872 189.0
81.088640155 182.0
81.101770437 149.0
81.114900720 174.0
81.128031003 163.0
81.141161286 176.0
81.154291568 169.0
81.167421851 178.0
81.180552134 175.0
81.193682416 183.0
81.206812699 194.0
81.219942982 174.0
81.233073264 183.0
81.246203547 169.0
81.259333830 173.0
81.272464112 166.0
81.285594395 179.0
81.298724678 175.0
81.311854960 158.0
81.324985243 182.0
81.338115526 172.0
81.351245808 177.0
81.364376091 169.0
81.377506374 209.0
81.390636656 181.0
81.403766939 173.0
81.416897222 186.0
81.430027504 166.0
81.443157787 180.0
81.456288070 188.0
81.469418352 162.0
81.482548635 179.0
81.495678918 192.0
81.508809200 195.0
81.521939483 185.0
81.535069766 191.0
81.548200048 181.0
81.561330331 215.0
81.574460614 196.0
81.587590897 178.0
81.600721179 187.0
81.613851462 181.0
81.626981745 193.0
81.640112027 187.0
81.653242310 186.0
81.666372593 180.0
81.679502875 201.0
81.692633158 193.0
81.705763441 202.0
81.718893723 214.0
81.732024006 212.0
81.745154289 188.0
81.758284571 190.0
81.771414854 164.0
81.784545137 174.0
81.797675419 182.0
81.810805702 195.0
81.823935985 188.0
81.837066267 175.0
81.850196550 215.0
81.863326833 226.0
81.876457115 208.0
81.889587398 185.0
81.902717681 189.0
81.915847963 212.0
81.928978246 189.0
81.942108529 196.0
81.955238811 170.0
81.968369094 206.0
81.981499377 192.0
81.994629660 192.0
82.007759942 182.0
82.020890225 213.0
82.034020508 220.0
82.047150790 226.0
82.060281073 186.0
82.073411356 214.0
82.086541638 214.0
82.099671921 214.0
82.112802204 206.0
82.125932486 231.0
82.139062769 216.0
82.152193052 225.0
82.165323334 259.0
82.178453617 259.0
82.191583900 275.0
82.204714182 240.0
82.217844465 233.0
82.230974748 258.0
82.244105030 266.0
82.257235313 278.0
82.270365596 285.0
82.283495878 320.0
82.296626161 364.0
82.309756444 321.0
82.322886726 296.0
82.336017009 328.0
82.349147292 330.0
82.362277574 305.0
82.375407857 291.0
82.388538140 274.0
82.401668423 245.0
82.414798705 260.0
82.427928988 224.0
82.441059271 232.0
82.454189553 245.0
82.467319836 231.0
82.480450119 233.0
82.493580401 206.0
82.506710684 230.0
82.519840967 245.0
82.532971249 227.0
82.546101532 230.0
82.559231815 234.0
82.572362097 220.0
82.585492380 211.0
82.598622663 247.0
82.611752945 211.0
82.624883228 186.0
82.638013511 212.0
82.651143793 190.0
82.664274076 184.0
82.677404359 171.0
82.690534641 180.0
82.703664924 163.0
82.716795207 179.0
82.729925489 179.0
82.743055772 172.0
82.756186055 153.0
82.769316337 152.0
82.782446620 156.0
82.795576903 154.0
82.808707186 171.0
82.821837468 127.0
82.834967751 165.0
82.848098034 167.0
82.861228316 155.0
82.874358599 146.0
82.887488882 154.0
82.900619164 158.0
82.913749447 170.0
82.926879730 141.0
82.940010012 150.0
82.953140295 178.0
82.966270578 173.0
82.979400860 178.0
82.992531143 171.0
83.005661426 160.0
83.018791708 137.0
83.031921991 133.0
83.045052274 153.0
83.058182556 169.0
83.071312839 174.0
83.084443122 161.0
83.097573404 145.0
83.110703687 146.0
83.123833970 138.0
83.136964252 167.0
83.150094535 133.0
83.163224818 141.0
83.176355100 150.0
83.189485383 130.0
83.202615666 155.0
83.215745949 128.0
83.228876231 150.0
83.242006514 170.0
83.255136797 154.0
83.268267079 158.0
83.281397362 184.0
83.294527645 183.0
83.307657927 188.0
83.320788210 158.0
83.333918493 151.0
83.347048775 161.0
83.360179058 160.0
83.373309341 152.0
83.386439623 162.0
83.399569906 141.0
83.412700189 161.0
83.425830471 128.0
83.438960754 182.0
83.452091037 152.0
83.465221319 138.0
83.478351602 184.0
83.491481885 172.0
83.504612167 164.0
83.517742450 151.0
83.530872733 159.0
83.544003015 149.0
83.557133298 178.0
83.570263581 164.0
83.583393863 147.0
83.596524146 149.0
83.609654429 167.0
83.622784712 128.0
83.635914994 188.0
83.649045277 164.0
83.662175560 160.0
83.675305842 165.0
83.688436125 155.0
83.701566408 135.0
83.714696690 169.0
83.727826973 156.0
83.740957256 134.0
83.754087538 158.0
83.767217821 141.0
83.780348104 154.0
83.793478386 141.0
83.806608669 127.0
83.819738952 151.0
83.832869234 163.0
83.845999517 145.0
83.859129800 150.0
83.872260082 158.0
83.885390365 153.0
83.898520648 168.0
83.911650930 169.0
83.924781213 161.0
83.937911496 170.0
83.951041778 171.0
83.964172061 151.0
83.977302344 138.0
83.990432626 169.0
84.003562909 162.0
84.016693192 183.0
84.029823475 164.0
84.042953757 180.0
84.056084040 173.0
84.069214323 181.0
84.082344605 175.0
84.095474888 158.0
84.108605171 170.0
84.121735453 153.0
84.134865736 167.0
84.147996019 166.0
84.161126301 199.0
84.174256584 188.0
84.187386867 173.0
84.200517149 170.0
84.213647432 189.0
84.226777715 188.0
84.239907997 191.0
84.253038280 190.0
84.266168563 182.0
84.279298845 178.0
84.292429128 184.0
84.305559411 208.0
84.318689693 183.0
84.331819976 178.0
84.344950259 189.0
84.358080541 172.0
84.371210824 167.0
84.384341107 204.0
84.397471389 187.0
84.410601672 211.0
84.423731955 177.0
84.436862238 175.0
84.449992520 177.0
84.463122803 190.0
84.476253086 173.0
84.489383368 177.0
84.502513651 200.0
84.515643934 178.0
84.528774216 166.0
84.541904499 184.0
84.555034782 172.0
84.568165064 173.0
84.581295347 164.0
84.594425630 191.0
84.607555912 145.0
84.620686195 175.0
84.633816478 162.0
84.646946760 171.0
84.660077043 168.0
84.673207326 178.0
84.686337608 169.0
84.699467891 145.0
84.712598174 177.0
84.725728456 152.0
84.738858739 131.0
84.751989022 178.0
84.765119304 159.0
84.778249587 168.0
84.791379870 179.0
84.804510152 154.0
84.817640435 143.0
84.830770718 153.0
84.843901000 156.0
84.857031283 155.0
84.870161566 161.0
84.883291849 171.0
84.896422131 140.0
84.909552414 153.0
84.922682697 125.0
84.935812979 183.0
84.948943262 137.0
84.962073545 162.0
84.975203827 152.0
84.988334110 152.0
85.001464393 138.0
85.014594675 148.0
85.027724958 164.0
85.040855241 162.0
85.053985523 158.0
85.067115806 144.0
85.080246089 148.0
85.093376371 194.0
85.106506654 167.0
85.119636937 158.0
85.132767219 160.0
85.145897502 157.0
85.159027785 157.0
85.172158067 144.0
85.185288350 139.0
85.198418633 154.0
85.211548915 143.0
85.224679198 139.0
85.237809481 143.0
85.250939763 145.0
85.264070046 170.0
85.277200329 153.0
85.290330612 155.0
85.303460894 159.0
85.316591177 142.0
85.329721460 145.0
85.342851742 147.0
85.355982025 148.0
85.369112308 146.0
85.382242590 144.0
85.395372873 145.0
85.408503156 139.0
85.421633438 135.0
85.434763721 149.0
85.447894004 158.0
85.461024286 152.0
85.474154569 130.0
85.487284852 163.0
85.500415134 139.0
85.513545417 132.0
85.526675700 136.0
85.539805982 152.0
85.552936265 133.0
85.566066548 146.0
85.579196830 141.0
85.592327113 142.0
85.605457396 121.0
85.618587678 153.0
85.631717961 161.0
85.644848244 134.0
85.657978526 150.0
85.671108809 161.0
85.684239092 151.0
85.697369375 151.0
85.710499657 134.0
85.723629940 130.0
85.736760223 161.0
85.749890505 139.0
85.763020788 162.0
85.776151071 137.0
85.789281353 136.0
85.802411636 158.0
85.815541919 133.0
85.828672201 146.0
85.841802484 143.0
85.854932767 147.0
85.868063049 139.0
85.881193332 144.0
85.894323615 130.0
85.907453897 144.0
85.920584180 159.0
85.933714463 137.0
85.946844745 151.0
85.959975028 165.0
85.973105311 134.0
85.986235593 143.0
85.999365876 155.0
86.012496159 155.0
86.025626441 163.0
86.038756724 148.0
86.051887007 136.0
86.065017289 148.0
86.078147572 159.0
86.091277855 128.0
86.104408138 142.0
86.117538420 138.0
86.130668703 148.0
86.143798986 151.0
86.156929268 156.0
86.170059551 153.0
86.183189834 175.0
86.196320116 148.0
86.209450399 143.0
86.222580682 143.0
86.235710964 129.0
86.248841247 148.0
86.261971530 142.0
86.275101812 164.0
86.288232095 135.0
86.301362378 158.0
86.314492660 158.0
86.327622943 127.0
86.340753226 142.0
86.353883508 144.0
86.367013791 129.0
86.380144074 153.0
86.393274356 158.0
86.406404639 154.0
86.419534922 151.0
86.432665204 144.0
86.445795487 169.0
86.458925770 160.0
86.472056052 160.0
86.485186335 140.0
86.498316618 140.0
86.511446901 141.0
86.524577183 156.0
86.537707466 140.0
86.550837749 137.0
86.563968031 129.0
86.577098314 139.0
86.590228597 157.0
86.603358879 148.0
86.616489162 155.0
86.629619445 161.0
86.642749727 119.0
86.655880010 149.0
86.669010293 126.0
86.682140575 148.0
86.695270858 171.0
86.708401141 138.0
86.721531423 153.0
86.734661706 147.0
86.747791989 144.0
86.760922271 129.0
86.774052554 144.0
86.787182837 142.0
86.800313119 175.0
86.813443402 144.0
86.826573685 161.0
86.839703967 151.0
86.852834250 150.0
86.865964533 125.0
86.879094815 166.0
86.892225098 140.0
86.905355381 145.0
86.918485664 135.0
86.931615946 162.0
86.944746229 127.0
86.957876512 142.0
86.971006794 139.0
86.984137077 151.0
86.997267360 128.0
87.010397642 122.0
87.023527925 141.0
87.036658208 155.0
87.049788490 111.0
87.062918773 126.0
87.076049056 149.0
87.089179338 136.0
87.102309621 115.0
87.115439904 159.0
87.128570186 146.0
87.141700469 129.0
87.154830752 142.0
87.167961034 130.0
87.181091317 129.0
87.194221600 134.0
87.207351882 134.0
87.220482165 145.0
87.233612448 128.0
87.246742730 139.0
87.259873013 136.0
87.273003296 128.0
87.286133578 133.0
87.299263861 116.0
87.312394144 121.0
87.325524427 119.0
87.338654709 126.0
87.351784992 131.0
87.364915275 137.0
87.378045557 120.0
87.391175840 135.0
87.404306123 136.0
87.417436405 131.0
87.430566688 146.0
87.443696971 120.0
87.456827253 135.0
87.469957536 152.0
87.483087819 115.0
87.496218101 106.0
87.509348384 111.0
87.522478667 147.0
87.535608949 140.0
87.548739232 111.0
87.561869515 121.0
87.574999797 143.0
87.588130080 113.0
87.601260363 120.0
87.614390645 125.0
87.627520928 135.0
87.640651211 144.0
87.653781493 126.0
87.666911776 136.0
87.680042059 102.0
87.693172341 125.0
87.706302624 124.0
87.719432907 117.0
87.732563190 133.0
87.745693472 135.0
87.758823755 130.0
87.771954038 139.0
87.785084320 118.0
87.798214603 119.0
87.811344886 123.0
87.824475168 140.0
87.837605451 122.0
87.850735734 135.0
87.863866016 102.0
87.876996299 125.0
87.890126582 135.0
87.903256864 149.0
87.916387147 124.0
87.929517430 119.0
87.942647712 131.0
87.955777995 127.0
87.968908278 134.0
87.982038560 123.0
87.995168843 128.0
88.008299126 148.0
88.021429408 138.0
88.034559691 130.0
88.047689974 112.0
88.060820256 119.0
88.073950539 118.0
88.087080822 114.0
88.100211104 113.0
88.113341387 133.0
88.126471670 135.0
88.139601953 130.0
88.152732235 129.0
88.165862518 136.0
88.178992801 135.0
88.192123083 115.0
88.205253366 117.0
88.218383649 132.0
88.231513931 120.0
88.244644214 112.0
88.257774497 143.0
88.270904779 125.0
88.284035062 135.0
88.297165345 140.0
88.310295627 136.0
88.323425910 156.0
88.336556193 123.0
88.349686475 151.0
88.362816758 125.0
88.375947041 124.0
88.389077323 124.0
88.402207606 122.0
88.415337889 151.0
88.428468171 130.0
88.441598454 116.0
88.454728737 118.0
88.467859019 147.0
88.480989302 135.0
88.494119585 149.0
88.507249867 145.0
88.520380150 137.0
88.533510433 125.0
88.546640715 157.0
88.559770998 128.0
88.572901281 152.0
88.586031564 125.0
88.599161846 144.0
88.612292129 141.0
88.625422412 133.0
88.638552694 138.0
88.651682977 144.0
88.664813260 125.0
88.677943542 118.0
88.691073825 148.0
88.704204108 133.0
88.717334390 137.0
88.730464673 142.0
88.743594956 136.0
88.756725238 125.0
88.769855521 139.0
88.782985804 124.0
88.796116086 118.0
88.809246369 140.0
88.822376652 133.0
88.835506934 139.0
88.848637217 156.0
88.861767500 124.0
88.874897782 141.0
88.888028065 158.0
88.901158348 140.0
88.914288630 123.0
88.927418913 143.0
88.940549196 127.0
88.953679478 147.0
88.966809761 121.0
88.979940044 116.0
88.993070327 129.0
89.006200609 127.0
89.019330892 139.0
89.032461175 125.0
89.045591457 109.0
89.058721740 136.0
89.071852023 136.0
89.084982305 119.0
89.098112588 148.0
89.111242871 163.0
89.124373153 140.0
89.137503436 141.0
89.150633719 132.0
89.163764001 106.0
89.176894284 139.0
89.190024567 128.0
89.203154849 127.0
89.216285132 131.0
89.229415415 116.0
89.242545697 132.0
89.255675980 142.0
89.268806263 146.0
89.281936545 117.0
89.295066828 131.0
89.308197111 125.0
89.321327393 137.0
89.334457676 115.0
89.347587959 99.0
89.360718241 115.0
89.373848524 128.0
89.386978807 128.0
89.400109090 113.0
89.413239372 116.0
89.426369655 141.0
89.439499938 125.0
89.452630220 108.0
89.465760503 136.0
89.478890786 131.0
89.492021068 122.0
89.505151351 115.0
89.518281634 117.0
89.531411916 147.0
89.544542199 124.0
89.557672482 140.0
89.570802764 152.0
89.583933047 134.0
89.597063330 131.0
89.610193612 129.0
89.623323895 132.0
89.636454178 129.0
89.649584460 126.0
89.662714743 156.0
89.675845026 147.0
89.688975308 156.0
89.702105591 129.0
89.715235874 128.0
89.728366156 139.0
89.741496439 150.0
89.754626722 125.0
89.767757004 123.0
89.780887287 124.0
89.794017570 122.0
89.807147853 136.0
89.820278135 136.0
89.833408418 133.0
89.846538701 133.0
89.859668983 129.0
89.872799266 132.0
89.885929549 140.0
89.899059831 121.0
89.912190114 135.0
89.925320397 145.0
89.938450679 123.0
89.951580962 130.0
89.964711245 135.0
89.977841527 117.0
89.990971810 116.0
