20.006565140 263.0
20.019695423 245.0
20.032825705 256.0
20.045955988 268.0
20.059086271 246.0
20.072216553 236.0
20.085346836 287.0
20.098477119 194.0
20.111607401 285.0
20.124737684 263.0
20.137867967 256.0
20.150998249 273.0
20.164128532 235.0
20.177258815 281.0
20.190389097 238.0
20.203519380 248.0
20.216649663 283.0
20.229779946 278.0
20.242910228 291.0
20.256040511 246.0
20.269170794 281.0
20.282301076 258.0
20.295431359 264.0
20.308561642 216.0
20.321691924 280.0
20.334822207 240.0
20.347952490 262.0
20.361082772 234.0
20.374213055 268.0
20.387343338 297.0
20.400473620 292.0
20.413603903 277.0
20.426734186 290.0
20.439864468 279.0
20.452994751 273.0
20.466125034 281.0
20.479255316 228.0
20.492385599 267.0
20.505515882 263.0
20.518646164 280.0
20.531776447 282.0
20.544906730 243.0
20.558037012 282.0
20.571167295 274.0
20.584297578 280.0
20.597427860 256.0
20.610558143 268.0
20.623688426 268.0
20.636818709 243.0
20.649948991 261.0
20.663079274 281.0
20.676209557 249.0
20.689339839 263.0
20.702470122 228.0
20.715600405 258.0
20.728730687 235.0
20.741860970 258.0
20.754991253 270.0
20.768121535 235.0
20.781251818 290.0
20.794382101 269.0
20.807512383 259.0
20.820642666 288.0
20.833772949 258.0
20.846903231 282.0
20.860033514 281.0
20.873163797 288.0
20.886294079 261.0
20.899424362 262.0
20.912554645 258.0
20.925684927 280.0
20.938815210 283.0
20.951945493 262.0
20.965075775 258.0
20.978206058 279.0
20.991336341 279.0
21.004466623 264.0
21.017596906 266.0
21.030727189 266.0
21.043857472 235.0
21.056987754 248.0
21.070118037 249.0
21.083248320 236.0
21.096378602 233.0
21.109508885 231.0
21.122639168 260.0
21.135769450 266.0
21.148899733 246.0
21.162030016 238.0
21.175160298 259.0
21.188290581 236.0
21.201420864 259.0
21.214551146 275.0
21.227681429 242.0
21.240811712 238.0
21.253941994 221.0
21.267072277 272.0
21.280202560 264.0
21.293332842 245.0
21.306463125 235.0
21.319593408 229.0
21.332723690 238.0
21.345853973 238.0
21.358984256 210.0
21.372114538 238.0
21.385244821 251.0
21.398375104 268.0
21.411505386 239.0
21.424635669 249.0
21.437765952 241.0
21.450896235 241.0
21.464026517 246.0
21.477156800 236.0
21.490287083 258.0
21.503417365 247.0
21.516547648 234.0
21.529677931 247.0
21.542808213 279.0
21.555938496 221.0
21.569068779 217.0
21.582199061 232.0
21.595329344 217.0
21.608459627 222.0
21.621589909 277.0
21.634720192 243.0
21.647850475 241.0
21.660980757 244.0
21.674111040 240.0
21.687241323 223.0
21.700371605 266.0
21.713501888 236.0
21.726632171 232.0
21.739762453 256.0
21.752892736 228.0
21.766023019 259.0
21.779153301 259.0
21.792283584 240.0
21.805413867 247.0
21.818544149 258.0
21.831674432 237.0
21.844804715 257.0
21.857934997 257.0
21.871065280 257.0
21.884195563 277.0
21.897325846 293.0
21.910456128 247.0
21.923586411 235.0
21.936716694 259.0
21.949846976 282.0
21.962977259 234.0
21.976107542 247.0
21.989237824 239.0
22.002368107 263.0
22.015498390 260.0
22.028628672 236.0
22.041758955 232.0
22.054889238 220.0
22.068019520 256.0
22.081149803 230.0
22.094280086 233.0
22.107410368 258.0
22.120540651 235.0
22.133670934 217.0
22.146801216 259.0
22.159931499 209.0
22.173061782 235.0
22.186192064 228.0
22.199322347 270.0
22.212452630 229.0
22.225582912 221.0
22.238713195 226.0
22.251843478 222.0
22.264973760 231.0
22.278104043 258.0
22.291234326 212.0
22.304364609 220.0
22.317494891 220.0
22.330625174 212.0
22.343755457 215.0
22.356885739 212.0
22.370016022 224.0
22.383146305 207.0
22.396276587 219.0
22.409406870 231.0
22.422537153 216.0
22.435667435 213.0
22.448797718 260.0
22.461928001 222.0
22.475058283 244.0
22.488188566 223.0
22.501318849 226.0
22.514449131 224.0
22.527579414 220.0
22.540709697 229.0
22.553839979 207.0
22.566970262 226.0
22.580100545 223.0
22.593230827 195.0
22.606361110 256.0
22.619491393 214.0
22.632621675 234.0
22.645751958 207.0
22.658882241 228.0
22.672012523 232.0
22.685142806 222.0
22.698273089 215.0
22.711403372 219.0
22.724533654 224.0
22.737663937 218.0
22.750794220 193.0
22.763924502 235.0
22.777054785 194.0
22.790185068 217.0
22.803315350 216.0
22.816445633 199.0
22.829575916 200.0
22.842706198 213.0
22.855836481 237.0
22.868966764 211.0
22.882097046 213.0
22.895227329 198.0
22.908357612 222.0
22.921487894 223.0
22.934618177 199.0
22.947748460 236.0
22.960878742 233.0
22.974009025 228.0
22.987139308 193.0
23.000269590 222.0
23.013399873 234.0
23.026530156 256.0
23.039660438 233.0
23.052790721 204.0
23.065921004 237.0
23.079051286 226.0
23.092181569 280.0
23.105311852 221.0
23.118442135 236.0
23.131572417 229.0
23.144702700 216.0
23.157832983 238.0
23.170963265 227.0
23.184093548 237.0
23.197223831 221.0
23.210354113 198.0
23.223484396 218.0
23.236614679 203.0
23.249744961 197.0
23.262875244 221.0
23.276005527 229.0
23.289135809 227.0
23.302266092 221.0
23.315396375 203.0
23.328526657 210.0
23.341656940 213.0
23.354787223 213.0
23.367917505 229.0
23.381047788 223.0
23.394178071 209.0
23.407308353 193.0
23.420438636 217.0
23.433568919 231.0
23.446699201 216.0
23.459829484 198.0
23.472959767 229.0
23.486090049 208.0
23.499220332 205.0
23.512350615 228.0
23.525480898 195.0
23.538611180 215.0
23.551741463 204.0
23.564871746 222.0
23.578002028 225.0
23.591132311 225.0
23.604262594 216.0
23.617392876 225.0
23.630523159 235.0
23.643653442 200.0
23.656783724 193.0
23.669914007 203.0
23.683044290 205.0
23.696174572 222.0
23.709304855 218.0
23.722435138 212.0
23.735565420 217.0
23.748695703 195.0
23.761825986 204.0
23.774956268 215.0
23.788086551 204.0
23.801216834 228.0
23.814347116 227.0
23.827477399 213.0
23.840607682 218.0
23.853737964 205.0
23.866868247 202.0
23.879998530 231.0
23.893128812 244.0
23.906259095 226.0
23.919389378 213.0
23.932519661 226.0
23.945649943 189.0
23.958780226 231.0
23.971910509 217.0
23.985040791 225.0
23.998171074 225.0
24.011301357 222.0
24.024431639 237.0
24.037561922 212.0
24.050692205 202.0
24.063822487 212.0
24.076952770 214.0
24.090083053 208.0
24.103213335 239.0
24.116343618 219.0
24.129473901 217.0
24.142604183 230.0
24.155734466 211.0
24.168864749 195.0
24.181995031 217.0
24.195125314 208.0
24.208255597 222.0
24.221385879 212.0
24.234516162 226.0
24.247646445 218.0
24.260776727 205.0
24.273907010 195.0
24.287037293 218.0
24.300167575 235.0
24.313297858 202.0
24.326428141 187.0
24.339558424 217.0
24.352688706 191.0
24.365818989 190.0
24.378949272 218.0
24.392079554 201.0
24.405209837 223.0
24.418340120 201.0
24.431470402 193.0
24.444600685 202.0
24.457730968 216.0
24.470861250 190.0
24.483991533 193.0
24.497121816 206.0
24.510252098 204.0
24.523382381 223.0
24.536512664 209.0
24.549642946 194.0
24.562773229 212.0
24.575903512 207.0
24.589033794 202.0
24.602164077 210.0
24.615294360 170.0
24.628424642 201.0
24.641554925 217.0
24.654685208 202.0
24.667815490 205.0
24.680945773 192.0
24.694076056 226.0
24.707206338 189.0
24.720336621 187.0
24.733466904 197.0
24.746597187 193.0
24.759727469 176.0
24.772857752 248.0
24.785988035 209.0
24.799118317 186.0
24.812248600 206.0
24.825378883 207.0
24.838509165 187.0
24.851639448 240.0
24.864769731 195.0
24.877900013 197.0
24.891030296 203.0
24.904160579 204.0
24.917290861 225.0
24.930421144 208.0
24.943551427 187.0
24.956681709 224.0
24.969811992 193.0
24.982942275 211.0
24.996072557 212.0
25.009202840 203.0
25.022333123 186.0
25.035463405 217.0
25.048593688 179.0
25.061723971 212.0
25.074854253 176.0
25.087984536 191.0
25.101114819 209.0
25.114245101 185.0
25.127375384 188.0
25.140505667 189.0
25.153635950 203.0
25.166766232 195.0
25.179896515 188.0
25.193026798 206.0
25.206157080 218.0
25.219287363 225.0
25.232417646 234.0
25.245547928 202.0
25.258678211 237.0
25.271808494 201.0
25.284938776 213.0
25.298069059 225.0
25.311199342 214.0
25.324329624 210.0
25.337459907 192.0
25.350590190 203.0
25.363720472 208.0
25.376850755 201.0
25.389981038 222.0
25.403111320 238.0
25.416241603 203.0
25.429371886 198.0
25.442502168 209.0
25.455632451 219.0
25.468762734 230.0
25.481893016 213.0
25.495023299 206.0
25.508153582 213.0
25.521283864 197.0
25.534414147 219.0
25.547544430 213.0
25.560674712 216.0
25.573804995 242.0
25.586935278 230.0
25.600065561 214.0
25.613195843 223.0
25.626326126 225.0
25.639456409 213.0
25.652586691 202.0
25.665716974 211.0
25.678847257 226.0
25.691977539 240.0
25.705107822 189.0
25.718238105 227.0
25.731368387 219.0
25.744498670 239.0
25.757628953 234.0
25.770759235 232.0
25.783889518 239.0
25.797019801 223.0
25.810150083 226.0
25.823280366 231.0
25.836410649 207.0
25.849540931 211.0
25.862671214 218.0
25.875801497 231.0
25.888931779 230.0
25.902062062 206.0
25.915192345 225.0
25.928322627 222.0
25.941452910 218.0
25.954583193 202.0
25.967713475 222.0
25.980843758 212.0
25.993974041 222.0
26.007104324 198.0
26.020234606 206.0
26.033364889 207.0
26.046495172 219.0
26.059625454 202.0
26.072755737 235.0
26.085886020 218.0
26.099016302 203.0
26.112146585 187.0
26.125276868 225.0
26.138407150 185.0
26.151537433 192.0
26.164667716 224.0
26.177797998 205.0
26.190928281 199.0
26.204058564 225.0
26.217188846 202.0
26.230319129 194.0
26.243449412 212.0
26.256579694 228.0
26.269709977 206.0
26.282840260 235.0
26.295970542 240.0
26.309100825 228.0
26.322231108 242.0
26.335361390 247.0
26.348491673 233.0
26.361621956 217.0
26.374752238 227.0
26.387882521 203.0
26.401012804 198.0
26.414143087 179.0
26.427273369 213.0
26.440403652 216.0
26.453533935 232.0
26.466664217 199.0
26.479794500 185.0
26.492924783 211.0
26.506055065 206.0
26.519185348 201.0
26.532315631 232.0
26.545445913 212.0
26.558576196 224.0
26.571706479 217.0
26.584836761 233.0
26.597967044 193.0
26.611097327 201.0
26.624227609 227.0
26.637357892 221.0
26.650488175 210.0
26.663618457 220.0
26.676748740 245.0
26.689879023 216.0
26.703009305 193.0
26.716139588 205.0
26.729269871 211.0
26.742400153 205.0
26.755530436 235.0
26.768660719 224.0
26.781791001 202.0
26.794921284 215.0
26.808051567 207.0
26.821181850 184.0
26.834312132 204.0
26.847442415 204.0
26.860572698 192.0
26.873702980 220.0
26.886833263 201.0
26.899963546 188.0
26.913093828 212.0
26.926224111 218.0
26.939354394 196.0
26.952484676 198.0
26.965614959 189.0
26.978745242 192.0
26.991875524 199.0
27.005005807 188.0
27.018136090 191.0
27.031266372 211.0
27.044396655 195.0
27.057526938 193.0
27.070657220 191.0
27.083787503 199.0
27.096917786 192.0
27.110048068 195.0
27.123178351 236.0
27.136308634 218.0
27.149438916 200.0
27.162569199 192.0
27.175699482 194.0
27.188829764 197.0
27.201960047 205.0
27.215090330 200.0
27.228220613 192.0
27.241350895 219.0
27.254481178 196.0
27.267611461 195.0
27.280741743 188.0
27.293872026 192.0
27.307002309 182.0
27.320132591 195.0
27.333262874 227.0
27.346393157 191.0
27.359523439 205.0
27.372653722 212.0
27.385784005 229.0
27.398914287 182.0
27.412044570 204.0
27.425174853 197.0
27.438305135 186.0
27.451435418 177.0
27.464565701 190.0
27.477695983 170.0
27.490826266 191.0
27.503956549 183.0
27.517086831 161.0
27.530217114 176.0
27.543347397 197.0
27.556477679 182.0
27.569607962 204.0
27.582738245 174.0
27.595868527 209.0
27.608998810 177.0
27.622129093 195.0
27.635259376 191.0
27.648389658 187.0
27.661519941 192.0
27.674650224 196.0
27.687780506 157.0
27.700910789 171.0
27.714041072 165.0
27.727171354 194.0
27.740301637 178.0
27.753431920 180.0
27.766562202 175.0
27.779692485 181.0
27.792822768 165.0
27.805953050 171.0
27.819083333 175.0
27.832213616 183.0
27.845343898 177.0
27.858474181 196.0
27.871604464 204.0
27.884734746 185.0
27.897865029 193.0
27.910995312 210.0
27.924125594 198.0
27.937255877 168.0
27.950386160 155.0
27.963516442 177.0
27.976646725 191.0
27.989777008 196.0
28.002907290 184.0
28.016037573 183.0
28.029167856 168.0
28.042298139 208.0
28.055428421 196.0
28.068558704 197.0
28.081688987 190.0
28.094819269 176.0
28.107949552 153.0
28.121079835 173.0
28.134210117 195.0
28.147340400 184.0
28.160470683 182.0
28.173600965 169.0
28.186731248 171.0
28.199861531 185.0
28.212991813 164.0
28.226122096 168.0
28.239252379 174.0
28.252382661 182.0
28.265512944 170.0
28.278643227 188.0
28.291773509 191.0
28.304903792 181.0
28.318034075 189.0
28.331164357 201.0
28.344294640 179.0
28.357424923 192.0
28.370555205 182.0
28.383685488 203.0
28.396815771 179.0
28.409946053 179.0
28.423076336 189.0
28.436206619 178.0
28.449336902 194.0
28.462467184 209.0
28.475597467 217.0
28.488727750 195.0
28.501858032 155.0
28.514988315 160.0
28.528118598 171.0
28.541248880 181.0
28.554379163 189.0
28.567509446 170.0
28.580639728 185.0
28.593770011 203.0
28.606900294 195.0
28.620030576 164.0
28.633160859 180.0
28.646291142 185.0
28.659421424 162.0
28.672551707 152.0
28.685681990 196.0
28.698812272 175.0
28.711942555 164.0
28.725072838 180.0
28.738203120 166.0
28.751333403 178.0
28.764463686 179.0
28.777593968 182.0
28.790724251 182.0
28.803854534 165.0
28.816984816 173.0
28.830115099 158.0
28.843245382 167.0
28.856375664 153.0
28.869505947 203.0
28.882636230 188.0
28.895766513 181.0
28.908896795 170.0
28.922027078 160.0
28.935157361 178.0
28.948287643 183.0
28.961417926 186.0
28.974548209 188.0
28.987678491 207.0
29.000808774 177.0
29.013939057 213.0
29.027069339 171.0
29.040199622 174.0
29.053329905 157.0
29.066460187 171.0
29.079590470 198.0
29.092720753 175.0
29.105851035 188.0
29.118981318 174.0
29.132111601 192.0
29.145241883 171.0
29.158372166 194.0
29.171502449 211.0
29.184632731 171.0
29.197763014 187.0
29.210893297 205.0
29.224023579 196.0
29.237153862 160.0
29.250284145 193.0
29.263414427 164.0
29.276544710 180.0
29.289674993 194.0
29.302805276 162.0
29.315935558 176.0
29.329065841 180.0
29.342196124 166.0
29.355326406 169.0
29.368456689 155.0
29.381586972 186.0
29.394717254 148.0
29.407847537 200.0
29.420977820 162.0
29.434108102 176.0
29.447238385 187.0
29.460368668 149.0
29.473498950 187.0
29.486629233 162.0
29.499759516 176.0
29.512889798 183.0
29.526020081 198.0
29.539150364 167.0
29.552280646 177.0
29.565410929 176.0
29.578541212 180.0
29.591671494 179.0
29.604801777 187.0
29.617932060 175.0
29.631062342 170.0
29.644192625 176.0
29.657322908 182.0
29.670453190 220.0
29.683583473 185.0
29.696713756 185.0
29.709844039 181.0
29.722974321 197.0
29.736104604 149.0
29.749234887 181.0
29.762365169 186.0
29.775495452 185.0
29.788625735 195.0
29.801756017 162.0
29.814886300 172.0
29.828016583 177.0
29.841146865 180.0
29.854277148 152.0
29.867407431 187.0
29.880537713 169.0
29.893667996 169.0
29.906798279 183.0
29.919928561 144.0
29.933058844 161.0
29.946189127 170.0
29.959319409 178.0
29.972449692 162.0
29.985579975 199.0
29.998710257 168.0
30.011840540 159.0
30.024970823 185.0
30.038101105 183.0
30.051231388 165.0
30.064361671 163.0
30.077491953 199.0
30.090622236 181.0
30.103752519 159.0
30.116882802 162.0
30.130013084 155.0
30.143143367 192.0
30.156273650 160.0
30.169403932 171.0
30.182534215 170.0
30.195664498 150.0
30.208794780 146.0
30.221925063 164.0
30.235055346 170.0
30.248185628 184.0
30.261315911 175.0
30.274446194 139.0
30.287576476 160.0
30.300706759 163.0
30.313837042 182.0
30.326967324 178.0
30.340097607 181.0
30.353227890 171.0
30.366358172 159.0
30.379488455 167.0
30.392618738 188.0
30.405749020 187.0
30.418879303 189.0
30.432009586 149.0
30.445139868 172.0
30.458270151 161.0
30.471400434 199.0
30.484530716 162.0
30.497660999 180.0
30.510791282 162.0
30.523921565 165.0
30.537051847 166.0
30.550182130 161.0
30.563312413 142.0
30.576442695 148.0
30.589572978 176.0
30.602703261 148.0
30.615833543 149.0
30.628963826 166.0
30.642094109 186.0
30.655224391 185.0
30.668354674 170.0
30.681484957 150.0
30.694615239 173.0
30.707745522 181.0
30.720875805 191.0
30.734006087 157.0
30.747136370 142.0
30.760266653 180.0
30.773396935 157.0
30.786527218 199.0
30.799657501 166.0
30.812787783 182.0
30.825918066 161.0
30.839048349 152.0
30.852178631 161.0
30.865308914 185.0
30.878439197 155.0
30.891569479 159.0
30.904699762 171.0
30.917830045 160.0
30.930960328 163.0
30.944090610 133.0
30.957220893 148.0
30.970351176 164.0
30.983481458 185.0
30.996611741 170.0
31.009742024 165.0
31.022872306 189.0
31.036002589 165.0
31.049132872 161.0
31.062263154 168.0
31.075393437 173.0
31.088523720 172.0
31.101654002 157.0
31.114784285 160.0
31.127914568 164.0
31.141044850 165.0
31.154175133 172.0
31.167305416 170.0
31.180435698 162.0
31.193565981 179.0
31.206696264 195.0
31.219826546 171.0
31.232956829 179.0
31.246087112 184.0
31.259217394 188.0
31.272347677 162.0
31.285477960 158.0
31.298608242 154.0
31.311738525 157.0
31.324868808 148.0
31.337999091 191.0
31.351129373 169.0
31.364259656 172.0
31.377389939 164.0
31.390520221 146.0
31.403650504 180.0
31.416780787 155.0
31.429911069 171.0
31.443041352 205.0
31.456171635 179.0
31.469301917 173.0
31.482432200 166.0
31.495562483 164.0
31.508692765 174.0
31.521823048 183.0
31.534953331 179.0
31.548083613 160.0
31.561213896 154.0
31.574344179 155.0
31.587474461 191.0
31.600604744 170.0
31.613735027 177.0
31.626865309 151.0
31.639995592 201.0
31.653125875 164.0
31.666256157 163.0
31.679386440 152.0
31.692516723 178.0
31.705647005 174.0
31.718777288 189.0
31.731907571 161.0
31.745037854 167.0
31.758168136 172.0
31.771298419 168.0
31.784428702 195.0
31.797558984 168.0
31.810689267 145.0
31.823819550 191.0
31.836949832 144.0
31.850080115 183.0
31.863210398 164.0
31.876340680 155.0
31.889470963 174.0
31.902601246 188.0
31.915731528 164.0
31.928861811 157.0
31.941992094 162.0
31.955122376 172.0
31.968252659 174.0
31.981382942 162.0
31.994513224 148.0
32.007643507 149.0
32.020773790 157.0
32.033904072 173.0
32.047034355 178.0
32.060164638 160.0
32.073294920 171.0
32.086425203 167.0
32.099555486 159.0
32.112685768 160.0
32.125816051 178.0
32.138946334 183.0
32.152076617 192.0
32.165206899 160.0
32.178337182 152.0
32.191467465 163.0
32.204597747 200.0
32.217728030 161.0
32.230858313 169.0
32.243988595 174.0
32.257118878 171.0
32.270249161 170.0
32.283379443 182.0
32.296509726 159.0
32.309640009 154.0
32.322770291 184.0
32.335900574 183.0
32.349030857 147.0
32.362161139 185.0
32.375291422 164.0
32.388421705 171.0
32.401551987 148.0
32.414682270 155.0
32.427812553 160.0
32.440942835 155.0
32.454073118 173.0
32.467203401 172.0
32.480333683 163.0
32.493463966 177.0
32.506594249 154.0
32.519724531 160.0
32.532854814 158.0
32.545985097 170.0
32.559115379 149.0
32.572245662 175.0
32.585375945 170.0
32.598506228 173.0
32.611636510 182.0
32.624766793 164.0
32.637897076 162.0
32.651027358 178.0
32.664157641 148.0
32.677287924 164.0
32.690418206 174.0
32.703548489 163.0
32.716678772 153.0
32.729809054 148.0
32.742939337 149.0
32.756069620 174.0
32.769199902 135.0
32.782330185 137.0
32.795460468 171.0
32.808590750 152.0
32.821721033 149.0
32.834851316 164.0
32.847981598 180.0
32.861111881 176.0
32.874242164 171.0
32.887372446 143.0
32.900502729 180.0
32.913633012 153.0
32.926763294 182.0
32.939893577 153.0
32.953023860 160.0
32.966154142 178.0
32.979284425 137.0
32.992414708 141.0
33.005544991 186.0
33.018675273 162.0
33.031805556 136.0
33.044935839 159.0
33.058066121 177.0
33.071196404 155.0
33.084326687 158.0
33.097456969 150.0
33.110587252 172.0
33.123717535 152.0
33.136847817 174.0
33.149978100 181.0
33.163108383 146.0
33.176238665 158.0
33.189368948 164.0
33.202499231 168.0
33.215629513 158.0
33.228759796 163.0
33.241890079 143.0
33.255020361 161.0
33.268150644 176.0
33.281280927 149.0
33.294411209 171.0
33.307541492 171.0
33.320671775 162.0
33.333802057 167.0
33.346932340 150.0
33.360062623 136.0
33.373192905 167.0
33.386323188 154.0
33.399453471 182.0
33.412583754 170.0
33.425714036 161.0
33.438844319 155.0
33.451974602 172.0
33.465104884 180.0
33.478235167 189.0
33.491365450 176.0
33.504495732 173.0
33.517626015 149.0
33.530756298 199.0
33.543886580 162.0
33.557016863 171.0
33.570147146 164.0
33.583277428 161.0
33.596407711 194.0
33.609537994 156.0
33.622668276 171.0
33.635798559 188.0
33.648928842 180.0
33.662059124 161.0
33.675189407 186.0
33.688319690 163.0
33.701449972 174.0
33.714580255 165.0
33.727710538 175.0
33.740840820 167.0
33.753971103 170.0
33.767101386 162.0
33.780231668 184.0
33.793361951 149.0
33.806492234 151.0
33.819622517 167.0
33.832752799 170.0
33.845883082 159.0
33.859013365 139.0
33.872143647 161.0
33.885273930 152.0
33.898404213 166.0
33.911534495 184.0
33.924664778 170.0
33.937795061 166.0
33.950925343 158.0
33.964055626 162.0
33.977185909 164.0
33.990316191 161.0
34.003446474 182.0
34.016576757 173.0
34.029707039 182.0
34.042837322 175.0
34.055967605 174.0
34.069097887 162.0
34.082228170 159.0
34.095358453 161.0
34.108488735 173.0
34.121619018 167.0
34.134749301 171.0
34.147879583 177.0
34.161009866 146.0
34.174140149 168.0
34.187270431 151.0
34.200400714 175.0
34.213530997 172.0
34.226661280 173.0
34.239791562 188.0
34.252921845 153.0
34.266052128 165.0
34.279182410 190.0
34.292312693 164.0
34.305442976 175.0
34.318573258 182.0
34.331703541 175.0
34.344833824 172.0
34.357964106 174.0
34.371094389 197.0
34.384224672 157.0
34.397354954 178.0
34.410485237 149.0
34.423615520 161.0
34.436745802 180.0
34.449876085 170.0
34.463006368 192.0
34.476136650 206.0
34.489266933 186.0
34.502397216 198.0
34.515527498 170.0
34.528657781 169.0
34.541788064 173.0
34.554918346 185.0
34.568048629 178.0
34.581178912 207.0
34.594309194 193.0
34.607439477 199.0
34.620569760 197.0
34.633700043 163.0
34.646830325 180.0
34.659960608 194.0
34.673090891 179.0
34.686221173 176.0
34.699351456 184.0
34.712481739 184.0
34.725612021 180.0
34.738742304 207.0
34.751872587 185.0
34.765002869 189.0
34.778133152 192.0
34.791263435 202.0
34.804393717 194.0
34.817524000 223.0
34.830654283 193.0
34.843784565 188.0
34.856914848 202.0
34.870045131 198.0
34.883175413 178.0
34.896305696 178.0
34.909435979 204.0
34.922566261 187.0
34.935696544 227.0
34.948826827 203.0
34.961957109 187.0
34.975087392 180.0
34.988217675 186.0
35.001347957 170.0
35.014478240 186.0
35.027608523 165.0
35.040738806 210.0
35.053869088 190.0
35.066999371 195.0
35.080129654 217.0
35.093259936 184.0
35.106390219 199.0
35.119520502 196.0
35.132650784 216.0
35.145781067 212.0
35.158911350 200.0
35.172041632 192.0
35.185171915 195.0
35.198302198 197.0
35.211432480 202.0
35.224562763 205.0
35.237693046 188.0
35.250823328 194.0
35.263953611 186.0
35.277083894 195.0
35.290214176 215.0
35.303344459 217.0
35.316474742 216.0
35.329605024 198.0
35.342735307 219.0
35.355865590 224.0
35.368995872 222.0
35.382126155 204.0
35.395256438 174.0
35.408386720 224.0
35.421517003 179.0
35.434647286 191.0
35.447777569 186.0
35.460907851 215.0
35.474038134 217.0
35.487168417 219.0
35.500298699 201.0
35.513428982 178.0
35.526559265 197.0
35.539689547 212.0
35.552819830 189.0
35.565950113 210.0
35.579080395 188.0
35.592210678 205.0
35.605340961 203.0
35.618471243 204.0
35.631601526 196.0
35.644731809 211.0
35.657862091 199.0
35.670992374 204.0
35.684122657 206.0
35.697252939 200.0
35.710383222 215.0
35.723513505 210.0
35.736643787 207.0
35.749774070 195.0
35.762904353 202.0
35.776034635 179.0
35.789164918 212.0
35.802295201 209.0
35.815425483 212.0
35.828555766 203.0
35.841686049 218.0
35.854816331 199.0
35.867946614 189.0
35.881076897 199.0
35.894207180 204.0
35.907337462 204.0
35.920467745 212.0
35.933598028 188.0
35.946728310 213.0
35.959858593 226.0
35.972988876 222.0
35.986119158 208.0
35.999249441 233.0
36.012379724 197.0
36.025510006 199.0
36.038640289 213.0
36.051770572 212.0
36.064900854 218.0
36.078031137 208.0
36.091161420 199.0
36.104291702 224.0
36.117421985 194.0
36.130552268 198.0
36.143682550 193.0
36.156812833 209.0
36.169943116 218.0
36.183073398 208.0
36.196203681 247.0
36.209333964 197.0
36.222464246 210.0
36.235594529 213.0
36.248724812 236.0
36.261855094 215.0
36.274985377 251.0
36.288115660 226.0
36.301245943 208.0
36.314376225 216.0
36.327506508 211.0
36.340636791 216.0
36.353767073 196.0
36.366897356 199.0
36.380027639 221.0
36.393157921 202.0
36.406288204 198.0
36.419418487 199.0
36.432548769 223.0
36.445679052 212.0
36.458809335 199.0
36.471939617 205.0
36.485069900 243.0
36.498200183 219.0
36.511330465 217.0
36.524460748 200.0
36.537591031 213.0
36.550721313 218.0
36.563851596 206.0
36.576981879 214.0
36.590112161 209.0
36.603242444 215.0
36.616372727 217.0
36.629503009 264.0
36.642633292 211.0
36.655763575 257.0
36.668893857 206.0
36.682024140 238.0
36.695154423 215.0
36.708284706 225.0
36.721414988 216.0
36.734545271 229.0
36.747675554 211.0
36.760805836 225.0
36.773936119 217.0
36.787066402 246.0
36.800196684 246.0
36.813326967 217.0
36.826457250 226.0
36.839587532 217.0
36.852717815 230.0
36.865848098 243.0
36.878978380 233.0
36.892108663 225.0
36.905238946 218.0
36.918369228 209.0
36.931499511 216.0
36.944629794 236.0
36.957760076 211.0
36.970890359 217.0
36.984020642 249.0
36.997150924 239.0
37.010281207 237.0
37.023411490 226.0
37.036541772 242.0
37.049672055 225.0
37.062802338 242.0
37.075932620 265.0
37.089062903 243.0
37.102193186 218.0
37.115323469 232.0
37.128453751 203.0
37.141584034 238.0
37.154714317 236.0
37.167844599 269.0
37.180974882 246.0
37.194105165 239.0
37.207235447 225.0
37.220365730 265.0
37.233496013 249.0
37.246626295 267.0
37.259756578 257.0
37.272886861 234.0
37.286017143 275.0
37.299147426 231.0
37.312277709 273.0
37.325407991 244.0
37.338538274 234.0
37.351668557 273.0
37.364798839 264.0
37.377929122 264.0
37.391059405 261.0
37.404189687 290.0
37.417319970 279.0
37.430450253 267.0
37.443580535 270.0
37.456710818 298.0
37.469841101 298.0
37.482971383 275.0
37.496101666 285.0
37.509231949 308.0
37.522362232 301.0
37.535492514 314.0
37.548622797 294.0
37.561753080 315.0
37.574883362 324.0
37.588013645 331.0
37.601143928 320.0
37.614274210 339.0
37.627404493 348.0
37.640534776 343.0
37.653665058 359.0
37.666795341 345.0
37.679925624 342.0
37.693055906 353.0
37.706186189 367.0
37.719316472 393.0
37.732446754 373.0
37.745577037 379.0
37.758707320 371.0
37.771837602 433.0
37.784967885 450.0
37.798098168 447.0
37.811228450 470.0
37.824358733 440.0
37.837489016 475.0
37.850619298 513.0
37.863749581 482.0
37.876879864 528.0
37.890010146 527.0
37.903140429 593.0
37.916270712 576.0
37.929400995 605.0
37.942531277 590.0
37.955661560 669.0
37.968791843 644.0
37.981922125 674.0
37.995052408 741.0
38.008182691 758.0
38.021312973 809.0
38.034443256 797.0
38.047573539 790.0
38.060703821 859.0
38.073834104 835.0
38.086964387 927.0
38.100094669 937.0
38.113224952 958.0
38.126355235 1001.0
38.139485517 1031.0
38.152615800 1023.0
38.165746083 1076.0
38.178876365 1128.0
38.192006648 1124.0
38.205136931 1120.0
38.218267213 1191.0
38.231397496 1216.0
38.244527779 1214.0
38.257658061 1258.0
38.270788344 1268.0
38.283918627 1288.0
38.297048909 1330.0
38.310179192 1284.0
38.323309475 1277.0
38.336439758 1327.0
38.349570040 1353.0
38.362700323 1265.0
38.375830606 1329.0
38.388960888 1258.0
38.402091171 1239.0
38.415221454 1280.0
38.428351736 1261.0
38.441482019 1178.0
38.454612302 1200.0
38.467742584 1194.0
38.480872867 1160.0
38.494003150 1129.0
38.507133432 1043.0
38.520263715 1009.0
38.533393998 973.0
38.546524280 945.0
38.559654563 919.0
38.572784846 865.0
38.585915128 877.0
38.599045411 844.0
38.612175694 840.0
38.625305976 777.0
38.638436259 720.0
38.651566542 678.0
38.664696824 656.0
38.677827107 702.0
38.690957390 637.0
38.704087672 633.0
38.717217955 606.0
38.730348238 600.0
38.743478521 562.0
38.756608803 552.0
38.769739086 533.0
38.782869369 518.0
38.795999651 518.0
38.809129934 488.0
38.822260217 513.0
38.835390499 464.0
38.848520782 462.0
38.861651065 435.0
38.874781347 415.0
38.887911630 392.0
38.901041913 385.0
38.914172195 376.0
38.927302478 385.0
38.940432761 396.0
38.953563043 342.0
38.966693326 304.0
38.979823609 354.0
38.992953891 332.0
39.006084174 386.0
39.019214457 327.0
39.032344739 340.0
39.045475022 319.0
39.058605305 313.0
39.071735587 312.0
39.084865870 299.0
39.097996153 333.0
39.111126435 317.0
39.124256718 329.0
39.137387001 267.0
39.150517284 248.0
39.163647566 279.0
39.176777849 303.0
39.189908132 283.0
39.203038414 287.0
39.216168697 292.0
39.229298980 282.0
39.242429262 263.0
39.255559545 270.0
39.268689828 288.0
39.281820110 285.0
39.294950393 246.0
39.308080676 286.0
39.321210958 266.0
39.334341241 246.0
39.347471524 248.0
39.360601806 233.0
39.373732089 258.0
39.386862372 260.0
39.399992654 227.0
39.413122937 283.0
39.426253220 232.0
39.439383502 266.0
39.452513785 264.0
39.465644068 261.0
39.478774350 202.0
39.491904633 234.0
39.505034916 266.0
39.518165198 266.0
39.531295481 266.0
39.544425764 272.0
39.557556046 272.0
39.570686329 263.0
39.583816612 241.0
39.596946895 225.0
39.610077177 270.0
39.623207460 239.0
39.636337743 241.0
39.649468025 260.0
39.662598308 226.0
39.675728591 226.0
39.688858873 245.0
39.701989156 229.0
39.715119439 240.0
39.728249721 257.0
39.741380004 203.0
39.754510287 278.0
39.767640569 204.0
39.780770852 226.0
39.793901135 219.0
39.807031417 270.0
39.820161700 243.0
39.833291983 222.0
39.846422265 256.0
39.859552548 243.0
39.872682831 236.0
39.885813113 217.0
39.898943396 214.0
39.912073679 198.0
39.925203961 238.0
39.938334244 262.0
39.951464527 229.0
39.964594809 227.0
39.977725092 237.0
39.990855375 265.0
40.003985658 211.0
40.017115940 237.0
40.030246223 238.0
40.043376506 225.0
40.056506788 236.0
40.069637071 241.0
40.082767354 231.0
40.095897636 272.0
40.109027919 208.0
40.122158202 224.0
40.135288484 210.0
40.148418767 238.0
40.161549050 220.0
40.174679332 218.0
40.187809615 230.0
40.200939898 238.0
40.214070180 241.0
40.227200463 202.0
40.240330746 216.0
40.253461028 202.0
40.266591311 247.0
40.279721594 214.0
40.292851876 234.0
40.305982159 220.0
40.319112442 220.0
40.332242724 226.0
40.345373007 223.0
40.358503290 237.0
40.371633572 209.0
40.384763855 213.0
40.397894138 203.0
40.411024421 209.0
40.424154703 210.0
40.437284986 229.0
40.450415269 218.0
40.463545551 209.0
40.476675834 230.0
40.489806117 219.0
40.502936399 203.0
40.516066682 223.0
40.529196965 238.0
40.542327247 196.0
40.555457530 203.0
40.568587813 223.0
40.581718095 199.0
40.594848378 229.0
40.607978661 229.0
40.621108943 231.0
40.634239226 234.0
40.647369509 211.0
40.660499791 214.0
40.673630074 208.0
40.686760357 237.0
40.699890639 230.0
40.713020922 229.0
40.726151205 227.0
40.739281487 213.0
40.752411770 233.0
40.765542053 199.0
40.778672335 200.0
40.791802618 234.0
40.804932901 218.0
40.818063184 191.0
40.831193466 235.0
40.844323749 232.0
40.857454032 223.0
40.870584314 228.0
40.883714597 212.0
40.896844880 218.0
40.909975162 223.0
40.923105445 221.0
40.936235728 220.0
40.949366010 206.0
40.962496293 204.0
40.975626576 197.0
40.988756858 229.0
41.001887141 208.0
41.015017424 246.0
41.028147706 207.0
41.041277989 197.0
41.054408272 227.0
41.067538554 209.0
41.080668837 210.0
41.093799120 181.0
41.106929402 236.0
41.120059685 202.0
41.133189968 233.0
41.146320250 204.0
41.159450533 211.0
41.172580816 221.0
41.185711098 211.0
41.198841381 214.0
41.211971664 193.0
41.225101947 209.0
41.238232229 225.0
41.251362512 216.0
41.264492795 214.0
41.277623077 218.0
41.290753360 202.0
41.303883643 192.0
41.317013925 207.0
41.330144208 188.0
41.343274491 218.0
41.356404773 202.0
41.369535056 204.0
41.382665339 218.0
41.395795621 203.0
41.408925904 209.0
41.422056187 205.0
41.435186469 196.0
41.448316752 199.0
41.461447035 216.0
41.474577317 199.0
41.487707600 207.0
41.500837883 211.0
41.513968165 208.0
41.527098448 198.0
41.540228731 207.0
41.553359013 224.0
41.566489296 222.0
41.579619579 194.0
41.592749861 192.0
41.605880144 209.0
41.619010427 202.0
41.632140710 216.0
41.645270992 232.0
41.658401275 201.0
41.671531558 236.0
41.684661840 215.0
41.697792123 185.0
41.710922406 167.0
41.724052688 185.0
41.737182971 205.0
41.750313254 215.0
41.763443536 220.0
41.776573819 203.0
41.789704102 210.0
41.802834384 219.0
41.815964667 199.0
41.829094950 216.0
41.842225232 205.0
41.855355515 176.0
41.868485798 218.0
41.881616080 218.0
41.894746363 185.0
41.907876646 203.0
41.921006928 196.0
41.934137211 205.0
41.947267494 244.0
41.960397776 179.0
41.973528059 233.0
41.986658342 179.0
41.999788624 212.0
42.012918907 239.0
42.026049190 215.0
42.039179473 216.0
42.052309755 218.0
42.065440038 226.0
42.078570321 212.0
42.091700603 205.0
42.104830886 211.0
42.117961169 208.0
42.131091451 210.0
42.144221734 206.0
42.157352017 198.0
42.170482299 183.0
42.183612582 211.0
42.196742865 208.0
42.209873147 170.0
42.223003430 207.0
42.236133713 194.0
42.249263995 237.0
42.262394278 186.0
42.275524561 195.0
42.288654843 207.0
42.301785126 214.0
42.314915409 193.0
42.328045691 230.0
42.341175974 200.0
42.354306257 177.0
42.367436539 193.0
42.380566822 186.0
42.393697105 196.0
42.406827387 212.0
42.419957670 211.0
42.433087953 197.0
42.446218236 206.0
42.459348518 186.0
42.472478801 209.0
42.485609084 210.0
42.498739366 195.0
42.511869649 176.0
42.524999932 217.0
42.538130214 214.0
42.551260497 198.0
42.564390780 192.0
42.577521062 196.0
42.590651345 204.0
42.603781628 193.0
42.616911910 194.0
42.630042193 214.0
42.643172476 169.0
42.656302758 198.0
42.669433041 207.0
42.682563324 192.0
42.695693606 183.0
42.708823889 185.0
42.721954172 193.0
42.735084454 204.0
42.748214737 218.0
42.761345020 209.0
42.774475302 214.0
42.787605585 205.0
42.800735868 210.0
42.813866150 191.0
42.826996433 194.0
42.840126716 205.0
42.853256998 199.0
42.866387281 219.0
42.879517564 189.0
42.892647847 180.0
42.905778129 197.0
42.918908412 186.0
42.932038695 187.0
42.945168977 200.0
42.958299260 222.0
42.971429543 186.0
42.984559825 181.0
42.997690108 187.0
43.010820391 186.0
43.023950673 208.0
43.037080956 221.0
43.050211239 192.0
43.063341521 184.0
43.076471804 197.0
43.089602087 174.0
43.102732369 173.0
43.115862652 200.0
43.128992935 182.0
43.142123217 178.0
43.155253500 188.0
43.168383783 192.0
43.181514065 194.0
43.194644348 189.0
43.207774631 193.0
43.220904913 201.0
43.234035196 188.0
43.247165479 196.0
43.260295761 185.0
43.273426044 187.0
43.286556327 187.0
43.299686610 201.0
43.312816892 193.0
43.325947175 188.0
43.339077458 193.0
43.352207740 202.0
43.365338023 201.0
43.378468306 213.0
43.391598588 211.0
43.404728871 196.0
43.417859154 194.0
43.430989436 206.0
43.444119719 179.0
43.457250002 196.0
43.470380284 175.0
43.483510567 204.0
43.496640850 197.0
43.509771132 175.0
43.522901415 182.0
43.536031698 201.0
43.549161980 187.0
43.562292263 179.0
43.575422546 186.0
43.588552828 184.0
43.601683111 180.0
43.614813394 166.0
43.627943676 179.0
43.641073959 183.0
43.654204242 205.0
43.667334524 165.0
43.680464807 199.0
43.693595090 195.0
43.706725373 189.0
43.719855655 177.0
43.732985938 204.0
43.746116221 185.0
43.759246503 196.0
43.772376786 182.0
43.785507069 185.0
43.798637351 184.0
43.811767634 208.0
43.824897917 166.0
43.838028199 179.0
43.851158482 208.0
43.864288765 185.0
43.877419047 195.0
43.890549330 180.0
43.903679613 178.0
43.916809895 167.0
43.929940178 191.0
43.943070461 183.0
43.956200743 172.0
43.969331026 167.0
43.982461309 179.0
43.995591591 210.0
44.008721874 195.0
44.021852157 208.0
44.034982439 153.0
44.048112722 216.0
44.061243005 191.0
44.074373287 149.0
44.087503570 170.0
44.100633853 194.0
44.113764136 187.0
44.126894418 176.0
44.140024701 177.0
44.153154984 151.0
44.166285266 177.0
44.179415549 175.0
44.192545832 186.0
44.205676114 200.0
44.218806397 179.0
44.231936680 201.0
44.245066962 202.0
44.258197245 195.0
44.271327528 176.0
44.284457810 194.0
44.297588093 183.0
44.310718376 180.0
44.323848658 186.0
44.336978941 163.0
44.350109224 176.0
44.363239506 194.0
44.376369789 190.0
44.389500072 197.0
44.402630354 186.0
44.415760637 177.0
44.428890920 190.0
44.442021202 194.0
44.455151485 193.0
44.468281768 184.0
44.481412050 195.0
44.494542333 183.0
44.507672616 183.0
44.520802899 179.0
44.533933181 191.0
44.547063464 153.0
44.560193747 205.0
44.573324029 174.0
44.586454312 196.0
44.599584595 168.0
44.612714877 174.0
44.625845160 194.0
44.638975443 160.0
44.652105725 180.0
44.665236008 181.0
44.678366291 184.0
44.691496573 176.0
44.704626856 173.0
44.717757139 168.0
44.730887421 174.0
44.744017704 176.0
44.757147987 169.0
44.770278269 174.0
44.783408552 193.0
44.796538835 158.0
44.809669117 184.0
44.822799400 173.0
44.835929683 185.0
44.849059965 188.0
44.862190248 186.0
44.875320531 179.0
44.888450813 187.0
44.901581096 150.0
44.914711379 161.0
44.927841662 198.0
44.940971944 165.0
44.954102227 172.0
44.967232510 178.0
44.980362792 179.0
44.993493075 167.0
45.006623358 154.0
45.019753640 176.0
45.032883923 177.0
45.046014206 165.0
45.059144488 160.0
45.072274771 163.0
45.085405054 143.0
45.098535336 187.0
45.111665619 151.0
45.124795902 165.0
45.137926184 162.0
45.151056467 177.0
45.164186750 189.0
45.177317032 165.0
45.190447315 174.0
45.203577598 174.0
45.216707880 158.0
45.229838163 152.0
45.242968446 200.0
45.256098728 179.0
45.269229011 169.0
45.282359294 147.0
45.295489576 157.0
45.308619859 173.0
45.321750142 163.0
45.334880425 173.0
45.348010707 175.0
45.361140990 196.0
45.374271273 191.0
45.387401555 179.0
45.400531838 169.0
45.413662121 169.0
45.426792403 156.0
45.439922686 161.0
45.453052969 165.0
45.466183251 200.0
45.479313534 173.0
45.492443817 171.0
45.505574099 164.0
45.518704382 180.0
45.531834665 182.0
45.544964947 171.0
45.558095230 171.0
45.571225513 175.0
45.584355795 168.0
45.597486078 185.0
45.610616361 170.0
45.623746643 151.0
45.636876926 179.0
45.650007209 178.0
45.663137491 183.0
45.676267774 183.0
45.689398057 155.0
45.702528339 197.0
45.715658622 154.0
45.728788905 156.0
45.741919188 182.0
45.755049470 173.0
45.768179753 181.0
45.781310036 154.0
45.794440318 169.0
45.807570601 185.0
45.820700884 160.0
45.833831166 171.0
45.846961449 144.0
45.860091732 168.0
45.873222014 156.0
45.886352297 195.0
45.899482580 160.0
45.912612862 163.0
45.925743145 181.0
45.938873428 188.0
45.952003710 173.0
45.965133993 179.0
45.978264276 180.0
45.991394558 167.0
46.004524841 174.0
46.017655124 175.0
46.030785406 178.0
46.043915689 176.0
46.057045972 177.0
46.070176254 173.0
46.083306537 168.0
46.096436820 173.0
46.109567102 178.0
46.122697385 168.0
46.135827668 163.0
46.148957951 168.0
46.162088233 190.0
46.175218516 155.0
46.188348799 182.0
46.201479081 177.0
46.214609364 171.0
46.227739647 215.0
46.240869929 180.0
46.254000212 181.0
46.267130495 161.0
46.280260777 167.0
46.293391060 182.0
46.306521343 163.0
46.319651625 163.0
46.332781908 154.0
46.345912191 178.0
46.359042473 194.0
46.372172756 185.0
46.385303039 178.0
46.398433321 163.0
46.411563604 199.0
46.424693887 171.0
46.437824169 156.0
46.450954452 168.0
46.464084735 158.0
46.477215017 181.0
46.490345300 134.0
46.503475583 143.0
46.516605865 159.0
46.529736148 160.0
46.542866431 180.0
46.555996713 141.0
46.569126996 173.0
46.582257279 171.0
46.595387562 155.0
46.608517844 171.0
46.621648127 142.0
46.634778410 165.0
46.647908692 195.0
46.661038975 169.0
46.674169258 171.0
46.687299540 192.0
46.700429823 134.0
46.713560106 161.0
46.726690388 165.0
46.739820671 183.0
46.752950954 186.0
46.766081236 158.0
46.779211519 178.0
46.792341802 183.0
46.805472084 162.0
46.818602367 157.0
46.831732650 169.0
46.844862932 164.0
46.857993215 184.0
46.871123498 188.0
46.884253780 170.0
46.897384063 176.0
46.910514346 159.0
46.923644628 172.0
46.936774911 157.0
46.949905194 150.0
46.963035476 160.0
46.976165759 148.0
46.989296042 179.0
47.002426325 159.0
47.015556607 154.0
47.028686890 167.0
47.041817173 182.0
47.054947455 142.0
47.068077738 156.0
47.081208021 171.0
47.094338303 149.0
47.107468586 177.0
47.120598869 177.0
47.133729151 166.0
47.146859434 160.0
47.159989717 175.0
47.173119999 171.0
47.186250282 166.0
47.199380565 152.0
47.212510847 181.0
47.225641130 184.0
47.238771413 168.0
47.251901695 148.0
47.265031978 173.0
47.278162261 172.0
47.291292543 191.0
47.304422826 165.0
47.317553109 163.0
47.330683391 159.0
47.343813674 163.0
47.356943957 159.0
47.370074239 163.0
47.383204522 175.0
47.396334805 157.0
47.409465088 140.0
47.422595370 172.0
47.435725653 183.0
47.448855936 182.0
47.461986218 155.0
47.475116501 163.0
47.488246784 153.0
47.501377066 157.0
47.514507349 162.0
47.527637632 166.0
47.540767914 154.0
47.553898197 162.0
47.567028480 197.0
47.580158762 151.0
47.593289045 178.0
47.606419328 164.0
47.619549610 155.0
47.632679893 161.0
47.645810176 167.0
47.658940458 174.0
47.672070741 167.0
47.685201024 162.0
47.698331306 166.0
47.711461589 182.0
47.724591872 154.0
47.737722154 153.0
47.750852437 169.0
47.763982720 128.0
47.777113002 165.0
47.790243285 168.0
47.803373568 183.0
47.816503851 142.0
47.829634133 184.0
47.842764416 151.0
47.855894699 171.0
47.869024981 185.0
47.882155264 150.0
47.895285547 180.0
47.908415829 152.0
47.921546112 160.0
47.934676395 146.0
47.947806677 165.0
47.960936960 147.0
47.974067243 158.0
47.987197525 187.0
48.000327808 162.0
48.013458091 169.0
48.026588373 143.0
48.039718656 175.0
48.052848939 173.0
48.065979221 149.0
48.079109504 155.0
48.092239787 177.0
48.105370069 150.0
48.118500352 150.0
48.131630635 152.0
48.144760917 144.0
48.157891200 171.0
48.171021483 154.0
48.184151765 168.0
48.197282048 156.0
48.210412331 155.0
48.223542614 144.0
48.236672896 164.0
48.249803179 163.0
48.262933462 172.0
48.276063744 179.0
48.289194027 133.0
48.302324310 176.0
48.315454592 157.0
48.328584875 158.0
48.341715158 142.0
48.354845440 154.0
48.367975723 171.0
48.381106006 159.0
48.394236288 168.0
48.407366571 152.0
48.420496854 160.0
48.433627136 169.0
48.446757419 177.0
48.459887702 164.0
48.473017984 153.0
48.486148267 178.0
48.499278550 155.0
48.512408832 177.0
48.525539115 185.0
48.538669398 154.0
48.551799680 140.0
48.564929963 151.0
48.578060246 159.0
48.591190528 169.0
48.604320811 169.0
48.617451094 152.0
48.630581377 169.0
48.643711659 176.0
48.656841942 149.0
48.669972225 144.0
48.683102507 168.0
48.696232790 164.0
48.709363073 170.0
48.722493355 164.0
48.735623638 163.0
48.748753921 150.0
48.761884203 139.0
48.775014486 158.0
48.788144769 188.0
48.801275051 185.0
48.814405334 138.0
48.827535617 140.0
48.840665899 172.0
48.853796182 141.0
48.866926465 168.0
48.880056747 155.0
48.893187030 170.0
48.906317313 184.0
48.919447595 162.0
48.932577878 163.0
48.945708161 152.0
48.958838443 156.0
48.971968726 183.0
48.985099009 124.0
48.998229291 158.0
49.011359574 148.0
49.024489857 180.0
49.037620140 171.0
49.050750422 164.0
49.063880705 164.0
49.077010988 157.0
49.090141270 144.0
49.103271553 155.0
49.116401836 150.0
49.129532118 196.0
49.142662401 162.0
49.155792684 140.0
49.168922966 157.0
49.182053249 181.0
49.195183532 138.0
49.208313814 159.0
49.221444097 151.0
49.234574380 162.0
49.247704662 173.0
49.260834945 154.0
49.273965228 154.0
49.287095510 162.0
49.300225793 152.0
49.313356076 172.0
49.326486358 165.0
49.339616641 135.0
49.352746924 169.0
49.365877206 142.0
49.379007489 148.0
49.392137772 152.0
49.405268054 161.0
49.418398337 156.0
49.431528620 164.0
49.444658903 167.0
49.457789185 152.0
49.470919468 155.0
49.484049751 157.0
49.497180033 148.0
49.510310316 162.0
49.523440599 188.0
49.536570881 167.0
49.549701164 143.0
49.562831447 160.0
49.575961729 169.0
49.589092012 148.0
49.602222295 150.0
49.615352577 157.0
49.628482860 179.0
49.641613143 184.0
49.654743425 145.0
49.667873708 158.0
49.681003991 152.0
49.694134273 166.0
49.707264556 133.0
49.720394839 136.0
49.733525121 145.0
49.746655404 167.0
49.759785687 146.0
49.772915969 140.0
49.786046252 169.0
49.799176535 182.0
49.812306817 152.0
49.825437100 183.0
49.838567383 163.0
49.851697665 155.0
49.864827948 178.0
49.877958231 155.0
49.891088514 148.0
49.904218796 171.0
49.917349079 140.0
49.930479362 145.0
49.943609644 157.0
49.956739927 170.0
49.969870210 142.0
49.983000492 155.0
49.996130775 175.0
50.009261058 141.0
50.022391340 161.0
50.035521623 152.0
50.048651906 162.0
50.061782188 161.0
50.074912471 150.0
50.088042754 136.0
50.101173036 141.0
50.114303319 155.0
50.127433602 146.0
50.140563884 175.0
50.153694167 175.0
50.166824450 163.0
50.179954732 150.0
50.193085015 160.0
50.206215298 149.0
50.219345580 172.0
50.232475863 158.0
50.245606146 133.0
50.258736428 134.0
50.271866711 158.0
50.284996994 159.0
50.298127277 126.0
50.311257559 167.0
50.324387842 172.0
50.337518125 168.0
50.350648407 147.0
50.363778690 175.0
50.376908973 166.0
50.390039255 175.0
50.403169538 159.0
50.416299821 154.0
50.429430103 139.0
50.442560386 143.0
50.455690669 132.0
50.468820951 175.0
50.481951234 158.0
50.495081517 147.0
50.508211799 176.0
50.521342082 151.0
50.534472365 162.0
50.547602647 155.0
50.560732930 144.0
50.573863213 146.0
50.586993495 125.0
50.600123778 147.0
50.613254061 167.0
50.626384343 171.0
50.639514626 158.0
50.652644909 175.0
50.665775191 161.0
50.678905474 157.0
50.692035757 151.0
50.705166040 154.0
50.718296322 166.0
50.731426605 144.0
50.744556888 158.0
50.757687170 138.0
50.770817453 163.0
50.783947736 164.0
50.797078018 163.0
50.810208301 155.0
50.823338584 134.0
50.836468866 160.0
50.849599149 144.0
50.862729432 173.0
50.875859714 151.0
50.888989997 156.0
50.902120280 149.0
50.915250562 144.0
50.928380845 165.0
50.941511128 157.0
50.954641410 157.0
50.967771693 176.0
50.980901976 141.0
50.994032258 168.0
51.007162541 164.0
51.020292824 178.0
51.033423106 149.0
51.046553389 154.0
51.059683672 149.0
51.072813954 159.0
51.085944237 147.0
51.099074520 140.0
51.112204803 156.0
51.125335085 158.0
51.138465368 136.0
51.151595651 146.0
51.164725933 152.0
51.177856216 132.0
51.190986499 154.0
51.204116781 153.0
51.217247064 152.0
51.230377347 161.0
51.243507629 145.0
51.256637912 137.0
51.269768195 153.0
51.282898477 161.0
51.296028760 148.0
51.309159043 175.0
51.322289325 139.0
51.335419608 142.0
51.348549891 114.0
51.361680173 147.0
51.374810456 153.0
51.387940739 146.0
51.401071021 125.0
51.414201304 119.0
51.427331587 131.0
51.440461869 158.0
51.453592152 140.0
51.466722435 151.0
51.479852717 175.0
51.492983000 149.0
51.506113283 146.0
51.519243566 137.0
51.532373848 127.0
51.545504131 157.0
51.558634414 141.0
51.571764696 131.0
51.584894979 156.0
51.598025262 152.0
51.611155544 142.0
51.624285827 151.0
51.637416110 141.0
51.650546392 149.0
51.663676675 156.0
51.676806958 154.0
51.689937240 154.0
51.703067523 141.0
51.716197806 137.0
51.729328088 161.0
51.742458371 130.0
51.755588654 157.0
51.768718936 140.0
51.781849219 136.0
51.794979502 144.0
51.808109784 134.0
51.821240067 138.0
51.834370350 137.0
51.847500632 161.0
51.860630915 123.0
51.873761198 114.0
51.886891480 137.0
51.900021763 135.0
51.913152046 139.0
51.926282329 155.0
51.939412611 138.0
51.952542894 122.0
51.965673177 131.0
51.978803459 145.0
51.991933742 124.0
52.005064025 120.0
52.018194307 140.0
52.031324590 116.0
52.044454873 130.0
52.057585155 137.0
52.070715438 144.0
52.083845721 142.0
52.096976003 122.0
52.110106286 113.0
52.123236569 165.0
52.136366851 135.0
52.149497134 145.0
52.162627417 125.0
52.175757699 137.0
52.188887982 142.0
52.202018265 153.0
52.215148547 138.0
52.228278830 154.0
52.241409113 131.0
52.254539395 132.0
52.267669678 137.0
52.280799961 100.0
52.293930243 144.0
52.307060526 136.0
52.320190809 134.0
52.333321092 130.0
52.346451374 143.0
52.359581657 130.0
52.372711940 131.0
52.385842222 142.0
52.398972505 153.0
52.412102788 125.0
52.425233070 150.0
52.438363353 132.0
52.451493636 125.0
52.464623918 127.0
52.477754201 132.0
52.490884484 130.0
52.504014766 117.0
52.517145049 129.0
52.530275332 130.0
52.543405614 126.0
52.556535897 145.0
52.569666180 126.0
52.582796462 134.0
52.595926745 122.0
52.609057028 112.0
52.622187310 124.0
52.635317593 121.0
52.648447876 131.0
52.661578158 130.0
52.674708441 122.0
52.687838724 133.0
52.700969006 156.0
52.714099289 136.0
52.727229572 137.0
52.740359855 128.0
52.753490137 134.0
52.766620420 147.0
52.779750703 139.0
52.792880985 142.0
52.806011268 162.0
52.819141551 136.0
52.832271833 145.0
52.845402116 114.0
52.858532399 136.0
52.871662681 127.0
52.884792964 126.0
52.897923247 124.0
52.911053529 109.0
52.924183812 114.0
52.937314095 133.0
52.950444377 121.0
52.963574660 120.0
52.976704943 123.0
52.989835225 137.0
53.002965508 127.0
53.016095791 136.0
53.029226073 132.0
53.042356356 136.0
53.055486639 123.0
53.068616921 139.0
53.081747204 134.0
53.094877487 126.0
53.108007769 111.0
53.121138052 159.0
53.134268335 138.0
53.147398618 131.0
53.160528900 133.0
53.173659183 138.0
53.186789466 141.0
53.199919748 128.0
53.213050031 137.0
53.226180314 150.0
53.239310596 149.0
53.252440879 153.0
53.265571162 138.0
53.278701444 133.0
53.291831727 128.0
53.304962010 124.0
53.318092292 137.0
53.331222575 116.0
53.344352858 143.0
53.357483140 134.0
53.370613423 152.0
53.383743706 138.0
53.396873988 130.0
53.410004271 139.0
53.423134554 137.0
53.436264836 133.0
53.449395119 120.0
53.462525402 133.0
53.475655684 132.0
53.488785967 143.0
53.501916250 129.0
53.515046532 146.0
53.528176815 151.0
53.541307098 149.0
53.554437380 131.0
53.567567663 119.0
53.580697946 141.0
53.593828229 136.0
53.606958511 111.0
53.620088794 126.0
53.633219077 138.0
53.646349359 144.0
53.659479642 166.0
53.672609925 154.0
53.685740207 134.0
53.698870490 134.0
53.712000773 136.0
53.725131055 131.0
53.738261338 143.0
53.751391621 150.0
53.764521903 144.0
53.777652186 133.0
53.790782469 124.0
53.803912751 112.0
53.817043034 127.0
53.830173317 141.0
53.843303599 141.0
53.856433882 139.0
53.869564165 148.0
53.882694447 140.0
53.895824730 139.0
53.908955013 135.0
53.922085295 163.0
53.935215578 131.0
53.948345861 149.0
53.961476143 152.0
53.974606426 153.0
53.987736709 149.0
54.000866992 155.0
54.013997274 148.0
54.027127557 143.0
54.040257840 155.0
54.053388122 151.0
54.066518405 158.0
54.079648688 143.0
54.092778970 149.0
54.105909253 145.0
54.119039536 170.0
54.132169818 158.0
54.145300101 145.0
54.158430384 162.0
54.171560666 163.0
54.184690949 162.0
54.197821232 172.0
54.210951514 144.0
54.224081797 154.0
54.237212080 184.0
54.250342362 171.0
54.263472645 167.0
54.276602928 177.0
54.289733210 181.0
54.302863493 162.0
54.315993776 168.0
54.329124058 180.0
54.342254341 192.0
54.355384624 170.0
54.368514906 191.0
54.381645189 190.0
54.394775472 216.0
54.407905755 186.0
54.421036037 200.0
54.434166320 216.0
54.447296603 224.0
54.460426885 196.0
54.473557168 228.0
54.486687451 213.0
54.499817733 224.0
54.512948016 233.0
54.526078299 269.0
54.539208581 268.0
54.552338864 241.0
54.565469147 287.0
54.578599429 307.0
54.591729712 246.0
54.604859995 308.0
54.617990277 292.0
54.631120560 304.0
54.644250843 304.0
54.657381125 329.0
54.670511408 323.0
54.683641691 317.0
54.696771973 354.0
54.709902256 374.0
54.723032539 368.0
54.736162821 350.0
54.749293104 399.0
54.762423387 381.0
54.775553669 437.0
54.788683952 441.0
54.801814235 439.0
54.814944518 456.0
54.828074800 516.0
54.841205083 506.0
54.854335366 470.0
54.867465648 499.0
54.880595931 534.0
54.893726214 548.0
54.906856496 551.0
54.919986779 585.0
54.933117062 582.0
54.946247344 615.0
54.959377627 653.0
54.972507910 618.0
54.985638192 648.0
54.998768475 645.0
55.011898758 615.0
55.025029040 694.0
55.038159323 688.0
55.051289606 736.0
55.064419888 656.0
55.077550171 717.0
55.090680454 688.0
55.103810736 719.0
55.116941019 758.0
55.130071302 719.0
55.143201584 742.0
55.156331867 707.0
55.169462150 722.0
55.182592432 683.0
55.195722715 684.0
55.208852998 625.0
55.221983281 670.0
55.235113563 624.0
55.248243846 635.0
55.261374129 579.0
55.274504411 626.0
55.287634694 581.0
55.300764977 609.0
55.313895259 583.0
55.327025542 588.0
55.340155825 589.0
55.353286107 559.0
55.366416390 515.0
55.379546673 515.0
55.392676955 500.0
55.405807238 506.0
55.418937521 497.0
55.432067803 476.0
55.445198086 461.0
55.458328369 411.0
55.471458651 439.0
55.484588934 408.0
55.497719217 428.0
55.510849499 381.0
55.523979782 432.0
55.537110065 361.0
55.550240347 382.0
55.563370630 350.0
55.576500913 348.0
55.589631195 316.0
55.602761478 340.0
55.615891761 317.0
55.629022044 308.0
55.642152326 282.0
55.655282609 362.0
55.668412892 303.0
55.681543174 247.0
55.694673457 268.0
55.707803740 230.0
55.720934022 259.0
55.734064305 236.0
55.747194588 238.0
55.760324870 205.0
55.773455153 204.0
55.786585436 228.0
55.799715718 230.0
55.812846001 205.0
55.825976284 190.0
55.839106566 225.0
55.852236849 190.0
55.865367132 193.0
55.878497414 177.0
55.891627697 190.0
55.904757980 177.0
55.917888262 189.0
55.931018545 169.0
55.944148828 175.0
55.957279110 188.0
55.970409393 177.0
55.983539676 185.0
55.996669958 182.0
56.009800241 173.0
56.022930524 172.0
56.036060807 166.0
56.049191089 149.0
56.062321372 150.0
56.075451655 152.0
56.088581937 156.0
56.101712220 166.0
56.114842503 148.0
56.127972785 161.0
56.141103068 156.0
56.154233351 143.0
56.167363633 158.0
56.180493916 169.0
56.193624199 161.0
56.206754481 155.0
56.219884764 138.0
56.233015047 153.0
56.246145329 138.0
56.259275612 143.0
56.272405895 148.0
56.285536177 137.0
56.298666460 141.0
56.311796743 159.0
56.324927025 131.0
56.338057308 139.0
56.351187591 137.0
56.364317873 144.0
56.377448156 135.0
56.390578439 153.0
56.403708721 157.0
56.416839004 126.0
56.429969287 129.0
56.443099570 125.0
56.456229852 148.0
56.469360135 150.0
56.482490418 142.0
56.495620700 148.0
56.508750983 149.0
56.521881266 135.0
56.535011548 143.0
56.548141831 158.0
56.561272114 133.0
56.574402396 143.0
56.587532679 140.0
56.600662962 146.0
56.613793244 138.0
56.626923527 125.0
56.640053810 141.0
56.653184092 130.0
56.666314375 137.0
56.679444658 130.0
56.692574940 114.0
56.705705223 130.0
56.718835506 120.0
56.731965788 150.0
56.745096071 136.0
56.758226354 132.0
56.771356636 134.0
56.784486919 125.0
56.797617202 122.0
56.810747484 134.0
56.823877767 121.0
56.837008050 131.0
56.850138332 140.0
56.863268615 120.0
56.876398898 110.0
56.889529181 112.0
56.902659463 101.0
56.915789746 128.0
56.928920029 117.0
56.942050311 117.0
56.955180594 130.0
56.968310877 123.0
56.981441159 114.0
56.994571442 146.0
57.007701725 120.0
57.020832007 109.0
57.033962290 145.0
57.047092573 136.0
57.060222855 131.0
57.073353138 123.0
57.086483421 138.0
57.099613703 131.0
57.112743986 118.0
57.125874269 118.0
57.139004551 142.0
57.152134834 134.0
57.165265117 112.0
57.178395399 170.0
57.191525682 140.0
57.204655965 138.0
57.217786247 120.0
57.230916530 129.0
57.244046813 124.0
57.257177095 127.0
57.270307378 146.0
57.283437661 147.0
57.296567944 119.0
57.309698226 120.0
57.322828509 125.0
57.335958792 143.0
57.349089074 128.0
57.362219357 117.0
57.375349640 131.0
57.388479922 130.0
57.401610205 140.0
57.414740488 123.0
57.427870770 139.0
57.441001053 119.0
57.454131336 115.0
57.467261618 122.0
57.480391901 144.0
57.493522184 132.0
57.506652466 140.0
57.519782749 119.0
57.532913032 119.0
57.546043314 119.0
57.559173597 116.0
57.572303880 124.0
57.585434162 137.0
57.598564445 132.0
57.611694728 132.0
57.624825010 130.0
57.637955293 134.0
57.651085576 143.0
57.664215858 119.0
57.677346141 125.0
57.690476424 114.0
57.703606707 125.0
57.716736989 109.0
57.729867272 120.0
57.742997555 102.0
57.756127837 106.0
57.769258120 111.0
57.782388403 100.0
57.795518685 131.0
57.808648968 106.0
57.821779251 139.0
57.834909533 135.0
57.848039816 110.0
57.861170099 126.0
57.874300381 105.0
57.887430664 129.0
57.900560947 138.0
57.913691229 120.0
57.926821512 106.0
57.939951795 114.0
57.953082077 111.0
57.966212360 115.0
57.979342643 120.0
57.992472925 101.0
58.005603208 110.0
58.018733491 120.0
58.031863773 95.0
58.044994056 108.0
58.058124339 117.0
58.071254621 113.0
58.084384904 109.0
58.097515187 139.0
58.110645470 135.0
58.123775752 119.0
58.136906035 122.0
58.150036318 127.0
58.163166600 126.0
58.176296883 131.0
58.189427166 125.0
58.202557448 119.0
58.215687731 120.0
58.228818014 130.0
58.241948296 128.0
58.255078579 121.0
58.268208862 107.0
58.281339144 111.0
58.294469427 127.0
58.307599710 125.0
58.320729992 101.0
58.333860275 116.0
58.346990558 121.0
58.360120840 131.0
58.373251123 132.0
58.386381406 107.0
58.399511688 144.0
58.412641971 114.0
58.425772254 131.0
58.438902536 128.0
58.452032819 120.0
58.465163102 137.0
58.478293384 117.0
58.491423667 117.0
58.504553950 123.0
58.517684233 118.0
58.530814515 120.0
58.543944798 132.0
58.557075081 121.0
58.570205363 103.0
58.583335646 117.0
58.596465929 116.0
58.609596211 119.0
58.622726494 114.0
58.635856777 109.0
58.648987059 105.0
58.662117342 102.0
58.675247625 119.0
58.688377907 110.0
58.701508190 128.0
58.714638473 123.0
58.727768755 116.0
58.740899038 109.0
58.754029321 114.0
58.767159603 115.0
58.780289886 113.0
58.793420169 135.0
58.806550451 141.0
58.819680734 144.0
58.832811017 111.0
58.845941299 109.0
58.859071582 111.0
58.872201865 107.0
58.885332147 111.0
58.898462430 100.0
58.911592713 111.0
58.924722996 118.0
58.937853278 121.0
58.950983561 125.0
58.964113844 127.0
58.977244126 117.0
58.990374409 123.0
59.003504692 117.0
59.016634974 113.0
59.029765257 124.0
59.042895540 105.0
59.056025822 134.0
59.069156105 107.0
59.082286388 97.0
59.095416670 112.0
59.108546953 101.0
59.121677236 120.0
59.134807518 115.0
59.147937801 111.0
59.161068084 108.0
59.174198366 130.0
59.187328649 105.0
59.200458932 124.0
59.213589214 104.0
59.226719497 122.0
59.239849780 96.0
59.252980062 119.0
59.266110345 110.0
59.279240628 120.0
59.292370910 128.0
59.305501193 122.0
59.318631476 126.0
59.331761759 115.0
59.344892041 114.0
59.358022324 86.0
59.371152607 101.0
59.384282889 120.0
59.397413172 104.0
59.410543455 103.0
59.423673737 116.0
59.436804020 118.0
59.449934303 102.0
59.463064585 102.0
59.476194868 107.0
59.489325151 102.0
59.502455433 87.0
59.515585716 100.0
59.528715999 107.0
59.541846281 99.0
59.554976564 117.0
59.568106847 123.0
59.581237129 116.0
59.594367412 118.0
59.607497695 112.0
59.620627977 109.0
59.633758260 121.0
59.646888543 116.0
59.660018825 127.0
59.673149108 111.0
59.686279391 102.0
59.699409673 120.0
59.712539956 117.0
59.725670239 104.0
59.738800522 128.0
59.751930804 121.0
59.765061087 116.0
59.778191370 116.0
59.791321652 125.0
59.804451935 103.0
59.817582218 126.0
59.830712500 121.0
59.843842783 103.0
59.856973066 124.0
59.870103348 132.0
59.883233631 125.0
59.896363914 125.0
59.909494196 132.0
59.922624479 118.0
59.935754762 134.0
59.948885044 124.0
59.962015327 130.0
59.975145610 114.0
59.988275892 114.0
60.001406175 106.0
60.014536458 102.0
60.027666740 121.0
60.040797023 110.0
60.053927306 108.0
60.067057588 112.0
60.080187871 126.0
60.093318154 92.0
60.106448436 120.0
60.119578719 121.0
60.132709002 110.0
60.145839285 106.0
60.158969567 111.0
60.172099850 128.0
60.185230133 118.0
60.198360415 118.0
60.211490698 108.0
60.224620981 116.0
60.237751263 132.0
60.250881546 121.0
60.264011829 118.0
60.277142111 138.0
60.290272394 116.0
60.303402677 108.0
60.316532959 122.0
60.329663242 122.0
60.342793525 119.0
60.355923807 124.0
60.369054090 133.0
60.382184373 132.0
60.395314655 134.0
60.408444938 141.0
60.421575221 129.0
60.434705503 129.0
60.447835786 131.0
60.460966069 133.0
60.474096351 121.0
60.487226634 132.0
60.500356917 133.0
60.513487199 103.0
60.526617482 148.0
60.539747765 109.0
60.552878047 137.0
60.566008330 136.0
60.579138613 148.0
60.592268896 138.0
60.605399178 105.0
60.618529461 123.0
60.631659744 138.0
60.644790026 137.0
60.657920309 126.0
60.671050592 125.0
60.684180874 128.0
60.697311157 117.0
60.710441440 109.0
60.723571722 126.0
60.736702005 122.0
60.749832288 131.0
60.762962570 145.0
60.776092853 125.0
60.789223136 123.0
60.802353418 116.0
60.815483701 124.0
60.828613984 114.0
60.841744266 138.0
60.854874549 121.0
60.868004832 117.0
60.881135114 120.0
60.894265397 135.0
60.907395680 128.0
60.920525962 125.0
60.933656245 149.0
60.946786528 100.0
60.959916810 136.0
60.973047093 114.0
60.986177376 141.0
60.999307659 130.0
61.012437941 124.0
61.025568224 118.0
61.038698507 140.0
61.051828789 129.0
61.064959072 117.0
61.078089355 137.0
61.091219637 129.0
61.104349920 125.0
61.117480203 123.0
61.130610485 123.0
61.143740768 121.0
61.156871051 123.0
61.170001333 107.0
61.183131616 135.0
61.196261899 145.0
61.209392181 147.0
61.222522464 109.0
61.235652747 114.0
61.248783029 117.0
61.261913312 123.0
61.275043595 113.0
61.288173877 136.0
61.301304160 125.0
61.314434443 132.0
61.327564725 107.0
61.340695008 125.0
61.353825291 112.0
61.366955573 110.0
61.380085856 116.0
61.393216139 103.0
61.406346422 118.0
61.419476704 105.0
61.432606987 122.0
61.445737270 129.0
61.458867552 111.0
61.471997835 112.0
61.485128118 128.0
61.498258400 133.0
61.511388683 114.0
61.524518966 122.0
61.537649248 129.0
61.550779531 129.0
61.563909814 123.0
61.577040096 127.0
61.590170379 120.0
61.603300662 118.0
61.616430944 134.0
61.629561227 125.0
61.642691510 121.0
61.655821792 134.0
61.668952075 99.0
61.682082358 126.0
61.695212640 130.0
61.708342923 137.0
61.721473206 128.0
61.734603488 107.0
61.747733771 104.0
61.760864054 115.0
61.773994336 123.0
61.787124619 116.0
61.800254902 120.0
61.813385185 114.0
61.826515467 117.0
61.839645750 124.0
61.852776033 125.0
61.865906315 116.0
61.879036598 114.0
61.892166881 104.0
61.905297163 134.0
61.918427446 109.0
61.931557729 129.0
61.944688011 114.0
61.957818294 116.0
61.970948577 106.0
61.984078859 141.0
61.997209142 110.0
62.010339425 109.0
62.023469707 114.0
62.036599990 124.0
62.049730273 97.0
62.062860555 154.0
62.075990838 111.0
62.089121121 122.0
62.102251403 109.0
62.115381686 108.0
62.128511969 131.0
62.141642251 103.0
62.154772534 109.0
62.167902817 114.0
62.181033099 116.0
62.194163382 109.0
62.207293665 94.0
62.220423948 121.0
62.233554230 111.0
62.246684513 123.0
62.259814796 116.0
62.272945078 145.0
62.286075361 130.0
62.299205644 128.0
62.312335926 115.0
62.325466209 114.0
62.338596492 135.0
62.351726774 127.0
62.364857057 114.0
62.377987340 117.0
62.391117622 126.0
62.404247905 126.0
62.417378188 124.0
62.430508470 103.0
62.443638753 109.0
62.456769036 127.0
62.469899318 127.0
62.483029601 132.0
62.496159884 109.0
62.509290166 134.0
62.522420449 99.0
62.535550732 112.0
62.548681014 145.0
62.561811297 129.0
62.574941580 130.0
62.588071862 118.0
62.601202145 140.0
62.614332428 118.0
62.627462711 138.0
62.640592993 132.0
62.653723276 116.0
62.666853559 145.0
62.679983841 142.0
62.693114124 123.0
62.706244407 143.0
62.719374689 131.0
62.732504972 110.0
62.745635255 120.0
62.758765537 136.0
62.771895820 117.0
62.785026103 127.0
62.798156385 107.0
62.811286668 100.0
62.824416951 122.0
62.837547233 119.0
62.850677516 133.0
62.863807799 128.0
62.876938081 135.0
62.890068364 113.0
62.903198647 125.0
62.916328929 116.0
62.929459212 135.0
62.942589495 100.0
62.955719777 114.0
62.968850060 137.0
62.981980343 127.0
62.995110625 128.0
63.008240908 126.0
63.021371191 124.0
63.034501474 114.0
63.047631756 124.0
63.060762039 133.0
63.073892322 114.0
63.087022604 113.0
63.100152887 107.0
63.113283170 104.0
63.126413452 115.0
63.139543735 117.0
63.152674018 111.0
63.165804300 119.0
63.178934583 101.0
63.192064866 124.0
63.205195148 111.0
63.218325431 118.0
63.231455714 112.0
63.244585996 101.0
63.257716279 111.0
63.270846562 111.0
63.283976844 117.0
63.297107127 127.0
63.310237410 104.0
63.323367692 137.0
63.336497975 119.0
63.349628258 114.0
63.362758540 131.0
63.375888823 96.0
63.389019106 122.0
63.402149388 103.0
63.415279671 96.0
63.428409954 133.0
63.441540237 110.0
63.454670519 106.0
63.467800802 125.0
63.480931085 129.0
63.494061367 121.0
63.507191650 125.0
63.520321933 117.0
63.533452215 116.0
63.546582498 112.0
63.559712781 103.0
63.572843063 116.0
63.585973346 136.0
63.599103629 116.0
63.612233911 119.0
63.625364194 128.0
63.638494477 96.0
63.651624759 131.0
63.664755042 96.0
63.677885325 115.0
63.691015607 106.0
63.704145890 107.0
63.717276173 113.0
63.730406455 109.0
63.743536738 110.0
63.756667021 106.0
63.769797303 108.0
63.782927586 103.0
63.796057869 115.0
63.809188151 123.0
63.822318434 111.0
63.835448717 92.0
63.848578999 96.0
63.861709282 102.0
63.874839565 112.0
63.887969848 86.0
63.901100130 118.0
63.914230413 118.0
63.927360696 113.0
63.940490978 80.0
63.953621261 107.0
63.966751544 96.0
63.979881826 99.0
63.993012109 111.0
64.006142392 130.0
64.019272674 107.0
64.032402957 121.0
64.045533240 117.0
64.058663522 105.0
64.071793805 91.0
64.084924088 111.0
64.098054370 118.0
64.111184653 96.0
64.124314936 116.0
64.137445218 90.0
64.150575501 114.0
64.163705784 119.0
64.176836066 120.0
64.189966349 121.0
64.203096632 99.0
64.216226914 106.0
64.229357197 107.0
64.242487480 95.0
64.255617762 122.0
64.268748045 108.0
64.281878328 103.0
64.295008611 107.0
64.308138893 104.0
64.321269176 101.0
64.334399459 89.0
64.347529741 101.0
64.360660024 102.0
64.373790307 102.0
64.386920589 106.0
64.400050872 105.0
64.413181155 114.0
64.426311437 115.0
64.439441720 131.0
64.452572003 116.0
64.465702285 89.0
64.478832568 116.0
64.491962851 118.0
64.505093133 98.0
64.518223416 98.0
64.531353699 109.0
64.544483981 107.0
64.557614264 106.0
64.570744547 116.0
64.583874829 117.0
64.597005112 110.0
64.610135395 116.0
64.623265677 140.0
64.636395960 133.0
64.649526243 106.0
64.662656525 103.0
64.675786808 111.0
64.688917091 105.0
64.702047374 114.0
64.715177656 110.0
64.728307939 105.0
64.741438222 114.0
64.754568504 103.0
64.767698787 96.0
64.780829070 89.0
64.793959352 138.0
64.807089635 118.0
64.820219918 116.0
64.833350200 115.0
64.846480483 97.0
64.859610766 103.0
64.872741048 97.0
64.885871331 115.0
64.899001614 105.0
64.912131896 129.0
64.925262179 122.0
64.938392462 125.0
64.951522744 97.0
64.964653027 127.0
64.977783310 123.0
64.990913592 136.0
65.004043875 111.0
65.017174158 98.0
65.030304440 117.0
65.043434723 130.0
65.056565006 112.0
65.069695288 130.0
65.082825571 117.0
65.095955854 101.0
65.109086137 114.0
65.122216419 133.0
65.135346702 102.0
65.148476985 96.0
65.161607267 105.0
65.174737550 123.0
65.187867833 108.0
65.200998115 119.0
65.214128398 126.0
65.227258681 111.0
65.240388963 116.0
65.253519246 116.0
65.266649529 111.0
65.279779811 111.0
65.292910094 110.0
65.306040377 130.0
65.319170659 104.0
65.332300942 140.0
65.345431225 129.0
65.358561507 130.0
65.371691790 113.0
65.384822073 113.0
65.397952355 129.0
65.411082638 110.0
65.424212921 137.0
65.437343203 137.0
65.450473486 119.0
65.463603769 118.0
65.476734051 135.0
65.489864334 103.0
65.502994617 110.0
65.516124900 107.0
65.529255182 108.0
65.542385465 121.0
65.555515748 105.0
65.568646030 107.0
65.581776313 102.0
65.594906596 101.0
65.608036878 116.0
65.621167161 118.0
65.634297444 126.0
65.647427726 110.0
65.660558009 112.0
65.673688292 110.0
65.686818574 107.0
65.699948857 92.0
65.713079140 116.0
65.726209422 117.0
65.739339705 128.0
65.752469988 137.0
65.765600270 119.0
65.778730553 110.0
65.791860836 119.0
65.804991118 107.0
65.818121401 120.0
65.831251684 98.0
65.844381966 115.0
65.857512249 104.0
65.870642532 111.0
65.883772814 123.0
65.896903097 126.0
65.910033380 123.0
65.923163663 101.0
65.936293945 136.0
65.949424228 112.0
65.962554511 109.0
65.975684793 117.0
65.988815076 94.0
66.001945359 117.0
66.015075641 122.0
66.028205924 126.0
66.041336207 120.0
66.054466489 105.0
66.067596772 85.0
66.080727055 109.0
66.093857337 86.0
66.106987620 129.0
66.120117903 113.0
66.133248185 106.0
66.146378468 108.0
66.159508751 112.0
66.172639033 109.0
66.185769316 107.0
66.198899599 118.0
66.212029881 114.0
66.225160164 103.0
66.238290447 113.0
66.251420729 96.0
66.264551012 126.0
66.277681295 103.0
66.290811577 106.0
66.303941860 110.0
66.317072143 126.0
66.330202426 113.0
66.343332708 94.0
66.356462991 103.0
66.369593274 97.0
66.382723556 112.0
66.395853839 104.0
66.408984122 112.0
66.422114404 107.0
66.435244687 98.0
66.448374970 109.0
66.461505252 112.0
66.474635535 125.0
66.487765818 93.0
66.500896100 126.0
66.514026383 97.0
66.527156666 100.0
66.540286948 115.0
66.553417231 113.0
66.566547514 116.0
66.579677796 100.0
66.592808079 98.0
66.605938362 118.0
66.619068644 124.0
66.632198927 127.0
66.645329210 102.0
66.658459492 116.0
66.671589775 90.0
66.684720058 118.0
66.697850340 94.0
66.710980623 93.0
66.724110906 109.0
66.737241189 111.0
66.750371471 121.0
66.763501754 107.0
66.776632037 111.0
66.789762319 106.0
66.802892602 115.0
66.816022885 106.0
66.829153167 115.0
66.842283450 101.0
66.855413733 114.0
66.868544015 110.0
66.881674298 109.0
66.894804581 95.0
66.907934863 102.0
66.921065146 94.0
66.934195429 117.0
66.947325711 99.0
66.960455994 119.0
66.973586277 124.0
66.986716559 101.0
66.999846842 110.0
67.012977125 86.0
67.026107407 114.0
67.039237690 118.0
67.052367973 103.0
67.065498255 119.0
67.078628538 103.0
67.091758821 114.0
67.104889103 111.0
67.118019386 100.0
67.131149669 110.0
67.144279952 98.0
67.157410234 121.0
67.170540517 113.0
67.183670800 111.0
67.196801082 101.0
67.209931365 132.0
67.223061648 106.0
67.236191930 107.0
67.249322213 105.0
67.262452496 110.0
67.275582778 110.0
67.288713061 115.0
67.301843344 119.0
67.314973626 118.0
67.328103909 100.0
67.341234192 112.0
67.354364474 104.0
67.367494757 105.0
67.380625040 111.0
67.393755322 106.0
67.406885605 112.0
67.420015888 105.0
67.433146170 120.0
67.446276453 133.0
67.459406736 106.0
67.472537018 107.0
67.485667301 94.0
67.498797584 114.0
67.511927866 122.0
67.525058149 117.0
67.538188432 102.0
67.551318714 120.0
67.564448997 114.0
67.577579280 109.0
67.590709563 114.0
67.603839845 107.0
67.616970128 100.0
67.630100411 126.0
67.643230693 111.0
67.656360976 103.0
67.669491259 113.0
67.682621541 117.0
67.695751824 155.0
67.708882107 125.0
67.722012389 111.0
67.735142672 117.0
67.748272955 123.0
67.761403237 123.0
67.774533520 123.0
67.787663803 107.0
67.800794085 119.0
67.813924368 109.0
67.827054651 123.0
67.840184933 106.0
67.853315216 126.0
67.866445499 112.0
67.879575781 89.0
67.892706064 125.0
67.905836347 106.0
67.918966629 136.0
67.932096912 110.0
67.945227195 146.0
67.958357477 136.0
67.971487760 125.0
67.984618043 116.0
67.997748326 117.0
68.010878608 126.0
68.024008891 124.0
68.037139174 114.0
68.050269456 105.0
68.063399739 115.0
68.076530022 131.0
68.089660304 127.0
68.102790587 121.0
68.115920870 134.0
68.129051152 123.0
68.142181435 128.0
68.155311718 98.0
68.168442000 107.0
68.181572283 115.0
68.194702566 114.0
68.207832848 140.0
68.220963131 102.0
68.234093414 118.0
68.247223696 122.0
68.260353979 119.0
68.273484262 137.0
68.286614544 118.0
68.299744827 128.0
68.312875110 114.0
68.326005392 139.0
68.339135675 113.0
68.352265958 128.0
68.365396240 107.0
68.378526523 133.0
68.391656806 123.0
68.404787089 127.0
68.417917371 145.0
68.431047654 147.0
68.444177937 131.0
68.457308219 136.0
68.470438502 142.0
68.483568785 135.0
68.496699067 150.0
68.509829350 134.0
68.522959633 124.0
68.536089915 142.0
68.549220198 134.0
68.562350481 149.0
68.575480763 146.0
68.588611046 146.0
68.601741329 141.0
68.614871611 129.0
68.628001894 130.0
68.641132177 142.0
68.654262459 130.0
68.667392742 148.0
68.680523025 134.0
68.693653307 141.0
68.706783590 170.0
68.719913873 136.0
68.733044155 135.0
68.746174438 136.0
68.759304721 160.0
68.772435003 160.0
68.785565286 139.0
68.798695569 141.0
68.811825852 161.0
68.824956134 154.0
68.838086417 176.0
68.851216700 162.0
68.864346982 150.0
68.877477265 169.0
68.890607548 144.0
68.903737830 156.0
68.916868113 161.0
68.929998396 172.0
68.943128678 156.0
68.956258961 148.0
68.969389244 156.0
68.982519526 196.0
68.995649809 180.0
69.008780092 184.0
69.021910374 184.0
69.035040657 176.0
69.048170940 173.0
69.061301222 188.0
69.074431505 180.0
69.087561788 200.0
69.100692070 161.0
69.113822353 206.0
69.126952636 207.0
69.140082918 212.0
69.153213201 179.0
69.166343484 191.0
69.179473766 199.0
69.192604049 176.0
69.205734332 190.0
69.218864615 179.0
69.231994897 178.0
69.245125180 195.0
69.258255463 229.0
69.271385745 196.0
69.284516028 210.0
69.297646311 197.0
69.310776593 215.0
69.323906876 199.0
69.337037159 193.0
69.350167441 178.0
69.363297724 210.0
69.376428007 194.0
69.389558289 193.0
69.402688572 176.0
69.415818855 188.0
69.428949137 214.0
69.442079420 226.0
69.455209703 183.0
69.468339985 192.0
69.481470268 192.0
69.494600551 230.0
69.507730833 228.0
69.520861116 245.0
69.533991399 221.0
69.547121681 189.0
69.560251964 232.0
69.573382247 197.0
69.586512529 182.0
69.599642812 192.0
69.612773095 192.0
69.625903378 183.0
69.639033660 201.0
69.652163943 209.0
69.665294226 173.0
69.678424508 165.0
69.691554791 169.0
69.704685074 194.0
69.717815356 178.0
69.730945639 193.0
69.744075922 179.0
69.757206204 158.0
69.770336487 168.0
69.783466770 148.0
69.796597052 166.0
69.809727335 165.0
69.822857618 183.0
69.835987900 178.0
69.849118183 138.0
69.862248466 165.0
69.875378748 160.0
69.888509031 150.0
69.901639314 145.0
69.914769596 119.0
69.927899879 151.0
69.941030162 144.0
69.954160444 139.0
69.967290727 157.0
69.980421010 148.0
69.993551292 160.0
70.006681575 126.0
70.019811858 136.0
70.032942141 143.0
70.046072423 159.0
70.059202706 153.0
70.072332989 155.0
70.085463271 180.0
70.098593554 136.0
70.111723837 155.0
70.124854119 132.0
70.137984402 133.0
70.151114685 138.0
70.164244967 159.0
70.177375250 152.0
70.190505533 126.0
70.203635815 126.0
70.216766098 144.0
70.229896381 130.0
70.243026663 123.0
70.256156946 137.0
70.269287229 121.0
70.282417511 145.0
70.295547794 122.0
70.308678077 158.0
70.321808359 128.0
70.334938642 147.0
70.348068925 130.0
70.361199207 147.0
70.374329490 134.0
70.387459773 145.0
70.400590055 139.0
70.413720338 150.0
70.426850621 104.0
70.439980904 137.0
70.453111186 122.0
70.466241469 132.0
70.479371752 111.0
70.492502034 128.0
70.505632317 139.0
70.518762600 103.0
70.531892882 117.0
70.545023165 129.0
70.558153448 130.0
70.571283730 124.0
70.584414013 124.0
70.597544296 99.0
70.610674578 112.0
70.623804861 113.0
70.636935144 111.0
70.650065426 146.0
70.663195709 116.0
70.676325992 111.0
70.689456274 108.0
70.702586557 127.0
70.715716840 119.0
70.728847122 130.0
70.741977405 138.0
70.755107688 137.0
70.768237970 131.0
70.781368253 128.0
70.794498536 134.0
70.807628818 106.0
70.820759101 125.0
70.833889384 110.0
70.847019666 98.0
70.860149949 128.0
70.873280232 112.0
70.886410515 122.0
70.899540797 126.0
70.912671080 116.0
70.925801363 127.0
70.938931645 126.0
70.952061928 110.0
70.965192211 123.0
70.978322493 110.0
70.991452776 101.0
71.004583059 119.0
71.017713341 131.0
71.030843624 102.0
71.043973907 111.0
71.057104189 109.0
71.070234472 151.0
71.083364755 128.0
71.096495037 146.0
71.109625320 114.0
71.122755603 105.0
71.135885885 106.0
71.149016168 107.0
71.162146451 120.0
71.175276733 103.0
71.188407016 116.0
71.201537299 100.0
71.214667581 112.0
71.227797864 116.0
71.240928147 122.0
71.254058429 127.0
71.267188712 121.0
71.280318995 127.0
71.293449278 92.0
71.306579560 115.0
71.319709843 116.0
71.332840126 115.0
71.345970408 110.0
71.359100691 113.0
71.372230974 106.0
71.385361256 116.0
71.398491539 108.0
71.411621822 112.0
71.424752104 123.0
71.437882387 104.0
71.451012670 107.0
71.464142952 113.0
71.477273235 109.0
71.490403518 105.0
71.503533800 108.0
71.516664083 116.0
71.529794366 113.0
71.542924648 128.0
71.556054931 112.0
71.569185214 132.0
71.582315496 104.0
71.595445779 102.0
71.608576062 110.0
71.621706344 117.0
71.634836627 130.0
71.647966910 117.0
71.661097192 117.0
71.674227475 112.0
71.687357758 118.0
71.700488041 101.0
71.713618323 112.0
71.726748606 121.0
71.739878889 104.0
71.753009171 110.0
71.766139454 106.0
71.779269737 129.0
71.792400019 129.0
71.805530302 117.0
71.818660585 106.0
71.831790867 103.0
71.844921150 136.0
71.858051433 105.0
71.871181715 108.0
71.884311998 97.0
71.897442281 101.0
71.910572563 91.0
71.923702846 100.0
71.936833129 85.0
71.949963411 97.0
71.963093694 84.0
71.976223977 106.0
71.989354259 121.0
72.002484542 106.0
72.015614825 110.0
72.028745107 109.0
72.041875390 119.0
72.055005673 110.0
72.068135955 104.0
72.081266238 92.0
72.094396521 97.0
72.107526804 97.0
72.120657086 121.0
72.133787369 90.0
72.146917652 107.0
72.160047934 108.0
72.173178217 114.0
72.186308500 101.0
72.199438782 104.0
72.212569065 101.0
72.225699348 106.0
72.238829630 97.0
72.251959913 112.0
72.265090196 100.0
72.278220478 106.0
72.291350761 110.0
72.304481044 96.0
72.317611326 114.0
72.330741609 105.0
72.343871892 124.0
72.357002174 128.0
72.370132457 137.0
72.383262740 93.0
72.396393022 102.0
72.409523305 107.0
72.422653588 124.0
72.435783870 97.0
72.448914153 124.0
72.462044436 115.0
72.475174718 101.0
72.488305001 110.0
72.501435284 118.0
72.514565567 98.0
72.527695849 129.0
72.540826132 111.0
72.553956415 130.0
72.567086697 141.0
72.580216980 129.0
72.593347263 116.0
72.606477545 127.0
72.619607828 109.0
72.632738111 140.0
72.645868393 142.0
72.658998676 123.0
72.672128959 137.0
72.685259241 131.0
72.698389524 126.0
72.711519807 132.0
72.724650089 117.0
72.737780372 111.0
72.750910655 122.0
72.764040937 117.0
72.777171220 121.0
72.790301503 129.0
72.803431785 116.0
72.816562068 144.0
72.829692351 126.0
72.842822633 125.0
72.855952916 126.0
72.869083199 121.0
72.882213481 118.0
72.895343764 126.0
72.908474047 110.0
72.921604330 120.0
72.934734612 117.0
72.947864895 117.0
72.960995178 113.0
72.974125460 133.0
72.987255743 110.0
73.000386026 123.0
73.013516308 119.0
73.026646591 124.0
73.039776874 127.0
73.052907156 126.0
73.066037439 141.0
73.079167722 106.0
73.092298004 122.0
73.105428287 127.0
73.118558570 114.0
73.131688852 118.0
73.144819135 138.0
73.157949418 149.0
73.171079700 131.0
73.184209983 104.0
73.197340266 116.0
73.210470548 140.0
73.223600831 143.0
73.236731114 132.0
73.249861396 116.0
73.262991679 115.0
73.276121962 136.0
73.289252244 129.0
73.302382527 104.0
73.315512810 145.0
73.328643093 128.0
73.341773375 121.0
73.354903658 123.0
73.368033941 123.0
73.381164223 135.0
73.394294506 111.0
73.407424789 130.0
73.420555071 125.0
73.433685354 122.0
73.446815637 114.0
73.459945919 132.0
73.473076202 121.0
73.486206485 144.0
73.499336767 124.0
73.512467050 114.0
73.525597333 125.0
73.538727615 134.0
73.551857898 138.0
73.564988181 118.0
73.578118463 132.0
73.591248746 130.0
73.604379029 123.0
73.617509311 140.0
73.630639594 113.0
73.643769877 136.0
73.656900159 121.0
73.670030442 118.0
73.683160725 131.0
73.696291007 120.0
73.709421290 114.0
73.722551573 124.0
73.735681856 143.0
73.748812138 156.0
73.761942421 122.0
73.775072704 123.0
73.788202986 146.0
73.801333269 98.0
73.814463552 131.0
73.827593834 117.0
73.840724117 128.0
73.853854400 125.0
73.866984682 144.0
73.880114965 125.0
73.893245248 111.0
73.906375530 136.0
73.919505813 117.0
73.932636096 118.0
73.945766378 119.0
73.958896661 114.0
73.972026944 108.0
73.985157226 121.0
73.998287509 128.0
74.011417792 109.0
74.024548074 112.0
74.037678357 125.0
74.050808640 112.0
74.063938922 132.0
74.077069205 135.0
74.090199488 115.0
74.103329770 122.0
74.116460053 139.0
74.129590336 124.0
74.142720619 122.0
74.155850901 107.0
74.168981184 133.0
74.182111467 105.0
74.195241749 114.0
74.208372032 135.0
74.221502315 112.0
74.234632597 126.0
74.247762880 120.0
74.260893163 104.0
74.274023445 125.0
74.287153728 114.0
74.300284011 124.0
74.313414293 120.0
74.326544576 117.0
74.339674859 125.0
74.352805141 128.0
74.365935424 100.0
74.379065707 123.0
74.392195989 119.0
74.405326272 136.0
74.418456555 131.0
74.431586837 133.0
74.444717120 125.0
74.457847403 103.0
74.470977685 119.0
74.484107968 122.0
74.497238251 125.0
74.510368533 92.0
74.523498816 121.0
74.536629099 110.0
74.549759381 119.0
74.562889664 110.0
74.576019947 120.0
74.589150230 117.0
74.602280512 126.0
74.615410795 123.0
74.628541078 103.0
74.641671360 103.0
74.654801643 121.0
74.667931926 127.0
74.681062208 92.0
74.694192491 109.0
74.707322774 115.0
74.720453056 122.0
74.733583339 102.0
74.746713622 122.0
74.759843904 116.0
74.772974187 119.0
74.786104470 129.0
74.799234752 131.0
74.812365035 90.0
74.825495318 86.0
74.838625600 115.0
74.851755883 119.0
74.864886166 111.0
74.878016448 103.0
74.891146731 122.0
74.904277014 108.0
74.917407296 148.0
74.930537579 114.0
74.943667862 133.0
74.956798144 147.0
74.969928427 89.0
74.983058710 108.0
74.996188993 113.0
75.009319275 124.0
75.022449558 105.0
75.035579841 103.0
75.048710123 140.0
75.061840406 114.0
75.074970689 122.0
75.088100971 111.0
75.101231254 101.0
75.114361537 103.0
75.127491819 102.0
75.140622102 113.0
75.153752385 112.0
75.166882667 125.0
75.180012950 123.0
75.193143233 117.0
75.206273515 131.0
75.219403798 114.0
75.232534081 110.0
75.245664363 129.0
75.258794646 102.0
75.271924929 135.0
75.285055211 118.0
75.298185494 110.0
75.311315777 111.0
75.324446059 94.0
75.337576342 124.0
75.350706625 122.0
75.363836907 105.0
75.376967190 129.0
75.390097473 86.0
75.403227756 100.0
75.416358038 109.0
75.429488321 108.0
75.442618604 110.0
75.455748886 109.0
75.468879169 113.0
75.482009452 113.0
75.495139734 114.0
75.508270017 133.0
75.521400300 110.0
75.534530582 130.0
75.547660865 129.0
75.560791148 120.0
75.573921430 111.0
75.587051713 141.0
75.600181996 127.0
75.613312278 111.0
75.626442561 142.0
75.639572844 136.0
75.652703126 112.0
75.665833409 139.0
75.678963692 102.0
75.692093974 110.0
75.705224257 121.0
75.718354540 128.0
75.731484822 124.0
75.744615105 125.0
75.757745388 102.0
75.770875670 120.0
75.784005953 129.0
75.797136236 129.0
75.810266519 111.0
75.823396801 121.0
75.836527084 129.0
75.849657367 111.0
75.862787649 102.0
75.875917932 126.0
75.889048215 110.0
75.902178497 131.0
75.915308780 134.0
75.928439063 125.0
75.941569345 112.0
75.954699628 97.0
75.967829911 126.0
75.980960193 111.0
75.994090476 122.0
76.007220759 98.0
76.020351041 111.0
76.033481324 106.0
76.046611607 105.0
76.059741889 124.0
76.072872172 108.0
76.086002455 109.0
76.099132737 107.0
76.112263020 138.0
76.125393303 137.0
76.138523585 106.0
76.151653868 105.0
76.164784151 118.0
76.177914433 134.0
76.191044716 122.0
76.204174999 115.0
76.217305282 117.0
76.230435564 122.0
76.243565847 103.0
76.256696130 117.0
76.269826412 128.0
76.282956695 116.0
76.296086978 132.0
76.309217260 140.0
76.322347543 109.0
76.335477826 126.0
76.348608108 149.0
76.361738391 137.0
76.374868674 119.0
76.387998956 127.0
76.401129239 131.0
76.414259522 136.0
76.427389804 106.0
76.440520087 108.0
76.453650370 123.0
76.466780652 111.0
76.479910935 114.0
76.493041218 114.0
76.506171500 126.0
76.519301783 118.0
76.532432066 119.0
76.545562348 112.0
76.558692631 123.0
76.571822914 109.0
76.584953196 124.0
76.598083479 112.0
76.611213762 130.0
76.624344045 109.0
76.637474327 122.0
76.650604610 105.0
76.663734893 124.0
76.676865175 134.0
76.689995458 105.0
76.703125741 114.0
76.716256023 125.0
76.729386306 118.0
76.742516589 121.0
76.755646871 135.0
76.768777154 119.0
76.781907437 127.0
76.795037719 113.0
76.808168002 125.0
76.821298285 137.0
76.834428567 125.0
76.847558850 107.0
76.860689133 121.0
76.873819415 105.0
76.886949698 113.0
76.900079981 125.0
76.913210263 112.0
76.926340546 114.0
76.939470829 116.0
76.952601111 129.0
76.965731394 122.0
76.978861677 105.0
76.991991959 101.0
77.005122242 100.0
77.018252525 134.0
77.031382808 120.0
77.044513090 102.0
77.057643373 132.0
77.070773656 121.0
77.083903938 117.0
77.097034221 117.0
77.110164504 126.0
77.123294786 122.0
77.136425069 128.0
77.149555352 108.0
77.162685634 111.0
77.175815917 125.0
77.188946200 113.0
77.202076482 135.0
77.215206765 117.0
77.228337048 133.0
77.241467330 109.0
77.254597613 114.0
77.267727896 111.0
77.280858178 108.0
77.293988461 110.0
77.307118744 129.0
77.320249026 120.0
77.333379309 107.0
77.346509592 124.0
77.359639874 110.0
77.372770157 106.0
77.385900440 99.0
77.399030722 98.0
77.412161005 109.0
77.425291288 99.0
77.438421571 119.0
77.451551853 110.0
77.464682136 112.0
77.477812419 100.0
77.490942701 110.0
77.504072984 101.0
77.517203267 102.0
77.530333549 113.0
77.543463832 121.0
77.556594115 110.0
77.569724397 127.0
77.582854680 115.0
77.595984963 89.0
77.609115245 107.0
77.622245528 112.0
77.635375811 116.0
77.648506093 128.0
77.661636376 115.0
77.674766659 115.0
77.687896941 121.0
77.701027224 113.0
77.714157507 119.0
77.727287789 103.0
77.740418072 112.0
77.753548355 116.0
77.766678637 123.0
77.779808920 99.0
77.792939203 88.0
77.806069485 125.0
77.819199768 130.0
77.832330051 109.0
77.845460333 107.0
77.858590616 129.0
77.871720899 106.0
77.884851182 116.0
77.897981464 143.0
77.911111747 116.0
77.924242030 124.0
77.937372312 103.0
77.950502595 119.0
77.963632878 122.0
77.976763160 133.0
77.989893443 124.0
78.003023726 121.0
78.016154008 119.0
78.029284291 125.0
78.042414574 110.0
78.055544856 114.0
78.068675139 114.0
78.081805422 103.0
78.094935704 105.0
78.108065987 124.0
78.121196270 122.0
78.134326552 120.0
78.147456835 113.0
78.160587118 103.0
78.173717400 118.0
78.186847683 104.0
78.199977966 116.0
78.213108248 107.0
78.226238531 138.0
78.239368814 101.0
78.252499096 130.0
78.265629379 120.0
78.278759662 103.0
78.291889945 132.0
78.305020227 130.0
78.318150510 111.0
78.331280793 129.0
78.344411075 110.0
78.357541358 137.0
78.370671641 109.0
78.383801923 136.0
78.396932206 112.0
78.410062489 121.0
78.423192771 120.0
78.436323054 117.0
78.449453337 126.0
78.462583619 111.0
78.475713902 130.0
78.488844185 102.0
78.501974467 118.0
78.515104750 99.0
78.528235033 110.0
78.541365315 107.0
78.554495598 123.0
78.567625881 129.0
78.580756163 116.0
78.593886446 115.0
78.607016729 107.0
78.620147011 96.0
78.633277294 100.0
78.646407577 102.0
78.659537859 117.0
78.672668142 122.0
78.685798425 113.0
78.698928708 126.0
78.712058990 108.0
78.725189273 134.0
78.738319556 126.0
78.751449838 114.0
78.764580121 137.0
78.777710404 107.0
78.790840686 113.0
78.803970969 126.0
78.817101252 120.0
78.830231534 112.0
78.843361817 114.0
78.856492100 129.0
78.869622382 120.0
78.882752665 130.0
78.895882948 125.0
78.909013230 127.0
78.922143513 128.0
78.935273796 123.0
78.948404078 136.0
78.961534361 101.0
78.974664644 119.0
78.987794926 116.0
79.000925209 130.0
79.014055492 107.0
79.027185774 120.0
79.040316057 107.0
79.053446340 121.0
79.066576622 114.0
79.079706905 116.0
79.092837188 116.0
79.105967471 137.0
79.119097753 108.0
79.132228036 117.0
79.145358319 120.0
79.158488601 111.0
79.171618884 109.0
79.184749167 107.0
79.197879449 113.0
79.211009732 109.0
79.224140015 124.0
79.237270297 107.0
79.250400580 117.0
79.263530863 107.0
79.276661145 102.0
79.289791428 129.0
79.302921711 127.0
79.316051993 122.0
79.329182276 106.0
79.342312559 105.0
79.355442841 113.0
79.368573124 117.0
79.381703407 135.0
79.394833689 122.0
79.407963972 104.0
79.421094255 101.0
79.434224537 115.0
79.447354820 125.0
79.460485103 90.0
79.473615385 131.0
79.486745668 118.0
79.499875951 118.0
79.513006234 115.0
79.526136516 97.0
79.539266799 129.0
79.552397082 122.0
79.565527364 123.0
79.578657647 125.0
79.591787930 108.0
79.604918212 113.0
79.618048495 119.0
79.631178778 114.0
79.644309060 119.0
79.657439343 109.0
79.670569626 93.0
79.683699908 114.0
79.696830191 128.0
79.709960474 116.0
79.723090756 107.0
79.736221039 100.0
79.749351322 111.0
79.762481604 122.0
79.775611887 109.0
79.788742170 101.0
79.801872452 117.0
79.815002735 115.0
79.828133018 102.0
79.841263300 103.0
79.854393583 110.0
79.867523866 116.0
79.880654148 102.0
79.893784431 126.0
79.906914714 122.0
79.920044997 101.0
79.933175279 133.0
79.946305562 112.0
79.959435845 107.0
79.972566127 129.0
79.985696410 103.0
79.998826693 127.0
80.011956975 118.0
80.025087258 112.0
80.038217541 108.0
80.051347823 103.0
80.064478106 101.0
80.077608389 127.0
80.090738671 137.0
80.103868954 117.0
80.116999237 118.0
80.130129519 120.0
80.143259802 111.0
80.156390085 119.0
80.169520367 115.0
80.182650650 110.0
80.195780933 97.0
80.208911215 113.0
80.222041498 120.0
80.235171781 120.0
80.248302063 106.0
80.261432346 96.0
80.274562629 125.0
80.287692911 111.0
80.300823194 111.0
80.313953477 123.0
80.327083760 122.0
80.340214042 113.0
80.353344325 126.0
80.366474608 124.0
80.379604890 134.0
80.392735173 107.0
80.405865456 110.0
80.418995738 116.0
80.432126021 127.0
80.445256304 106.0
80.458386586 115.0
80.471516869 126.0
80.484647152 136.0
80.497777434 137.0
80.510907717 108.0
80.524038000 116.0
80.537168282 124.0
80.550298565 113.0
80.563428848 122.0
80.576559130 124.0
80.589689413 134.0
80.602819696 116.0
80.615949978 133.0
80.629080261 127.0
80.642210544 147.0
80.655340826 118.0
80.668471109 112.0
80.681601392 137.0
80.694731674 129.0
80.707861957 120.0
80.720992240 137.0
80.734122523 125.0
80.747252805 121.0
80.760383088 146.0
80.773513371 114.0
80.786643653 114.0
80.799773936 139.0
80.812904219 114.0
80.826034501 127.0
80.839164784 115.0
80.852295067 117.0
80.865425349 118.0
80.878555632 131.0
80.891685915 156.0
80.904816197 122.0
80.917946480 132.0
80.931076763 147.0
80.944207045 117.0
80.957337328 147.0
80.970467611 139.0
80.983597893 120.0
80.996728176 131.0
81.009858459 110.0
81.022988741 132.0
81.036119024 139.0
81.049249307 105.0
81.062379589 124.0
81.075509872 155.0
81.088640155 144.0
81.101770437 120.0
81.114900720 134.0
81.128031003 134.0
81.141161286 130.0
81.154291568 132.0
81.167421851 131.0
81.180552134 121.0
81.193682416 131.0
81.206812699 118.0
81.219942982 121.0
81.233073264 127.0
81.246203547 125.0
81.259333830 133.0
81.272464112 158.0
81.285594395 125.0
81.298724678 122.0
81.311854960 134.0
81.324985243 106.0
81.338115526 117.0
81.351245808 139.0
81.364376091 124.0
81.377506374 133.0
81.390636656 125.0
81.403766939 129.0
81.416897222 136.0
81.430027504 128.0
81.443157787 131.0
81.456288070 146.0
81.469418352 120.0
81.482548635 142.0
81.495678918 120.0
81.508809200 151.0
81.521939483 126.0
81.535069766 152.0
81.548200048 116.0
81.561330331 148.0
81.574460614 147.0
81.587590897 133.0
81.600721179 143.0
81.613851462 124.0
81.626981745 153.0
81.640112027 134.0
81.653242310 139.0
81.666372593 150.0
81.679502875 132.0
81.692633158 148.0
81.705763441 142.0
81.718893723 126.0
81.732024006 130.0
81.745154289 143.0
81.758284571 132.0
81.771414854 138.0
81.784545137 156.0
81.797675419 145.0
81.810805702 138.0
81.823935985 149.0
81.837066267 164.0
81.850196550 142.0
81.863326833 118.0
81.876457115 152.0
81.889587398 153.0
81.902717681 157.0
81.915847963 132.0
81.928978246 149.0
81.942108529 152.0
81.955238811 162.0
81.968369094 141.0
81.981499377 139.0
81.994629660 129.0
82.007759942 148.0
82.020890225 142.0
82.034020508 153.0
82.047150790 147.0
82.060281073 148.0
82.073411356 141.0
82.086541638 160.0
82.099671921 153.0
82.112802204 135.0
82.125932486 135.0
82.139062769 147.0
82.152193052 143.0
82.165323334 134.0
82.178453617 138.0
82.191583900 130.0
82.204714182 144.0
82.217844465 144.0
82.230974748 149.0
82.244105030 132.0
82.257235313 128.0
82.270365596 142.0
82.283495878 169.0
82.296626161 131.0
82.309756444 156.0
82.322886726 156.0
82.336017009 144.0
82.349147292 160.0
82.362277574 142.0
82.375407857 137.0
82.388538140 132.0
82.401668423 134.0
82.414798705 142.0
82.427928988 143.0
82.441059271 136.0
82.454189553 139.0
82.467319836 138.0
82.480450119 131.0
82.493580401 130.0
82.506710684 138.0
82.519840967 142.0
82.532971249 134.0
82.546101532 164.0
82.559231815 137.0
82.572362097 134.0
82.585492380 129.0
82.598622663 142.0
82.611752945 145.0
82.624883228 163.0
82.638013511 144.0
82.651143793 125.0
82.664274076 126.0
82.677404359 141.0
82.690534641 141.0
82.703664924 129.0
82.716795207 139.0
82.729925489 144.0
82.743055772 140.0
82.756186055 135.0
82.769316337 153.0
82.782446620 126.0
82.795576903 139.0
82.808707186 159.0
82.821837468 137.0
82.834967751 140.0
82.848098034 151.0
82.861228316 127.0
82.874358599 129.0
82.887488882 127.0
82.900619164 123.0
82.913749447 138.0
82.926879730 133.0
82.940010012 115.0
82.953140295 123.0
82.966270578 143.0
82.979400860 123.0
82.992531143 132.0
83.005661426 140.0
83.018791708 124.0
83.031921991 130.0
83.045052274 132.0
83.058182556 140.0
83.071312839 147.0
83.084443122 134.0
83.097573404 146.0
83.110703687 124.0
83.123833970 141.0
83.136964252 143.0
83.150094535 131.0
83.163224818 135.0
83.176355100 117.0
83.189485383 142.0
83.202615666 140.0
83.215745949 132.0
83.228876231 142.0
83.242006514 134.0
83.255136797 127.0
83.268267079 144.0
83.281397362 148.0
83.294527645 142.0
83.307657927 160.0
83.320788210 132.0
83.333918493 120.0
83.347048775 129.0
83.360179058 125.0
83.373309341 125.0
83.386439623 125.0
83.399569906 118.0
83.412700189 117.0
83.425830471 142.0
83.438960754 151.0
83.452091037 147.0
83.465221319 133.0
83.478351602 138.0
83.491481885 110.0
83.504612167 156.0
83.517742450 141.0
83.530872733 127.0
83.544003015 113.0
83.557133298 103.0
83.570263581 156.0
83.583393863 147.0
83.596524146 134.0
83.609654429 135.0
83.622784712 133.0
83.635914994 124.0
83.649045277 125.0
83.662175560 137.0
83.675305842 133.0
83.688436125 123.0
83.701566408 133.0
83.714696690 138.0
83.727826973 136.0
83.740957256 141.0
83.754087538 132.0
83.767217821 144.0
83.780348104 149.0
83.793478386 149.0
83.806608669 141.0
83.819738952 130.0
83.832869234 150.0
83.845999517 135.0
83.859129800 137.0
83.872260082 171.0
83.885390365 165.0
83.898520648 156.0
83.911650930 145.0
83.924781213 146.0
83.937911496 142.0
83.951041778 140.0
83.964172061 140.0
83.977302344 146.0
83.990432626 157.0
84.003562909 135.0
84.016693192 165.0
84.029823475 145.0
84.042953757 141.0
84.056084040 138.0
84.069214323 160.0
84.082344605 153.0
84.095474888 142.0
84.108605171 163.0
84.121735453 144.0
84.134865736 154.0
84.147996019 142.0
84.161126301 149.0
84.174256584 137.0
84.187386867 167.0
84.200517149 143.0
84.213647432 144.0
84.226777715 154.0
84.239907997 138.0
84.253038280 156.0
84.266168563 148.0
84.279298845 139.0
84.292429128 133.0
84.305559411 141.0
84.318689693 159.0
84.331819976 150.0
84.344950259 170.0
84.358080541 146.0
84.371210824 173.0
84.384341107 139.0
84.397471389 130.0
84.410601672 135.0
84.423731955 131.0
84.436862238 147.0
84.449992520 153.0
84.463122803 165.0
84.476253086 139.0
84.489383368 149.0
84.502513651 170.0
84.515643934 153.0
84.528774216 129.0
84.541904499 147.0
84.555034782 136.0
84.568165064 138.0
84.581295347 188.0
84.594425630 151.0
84.607555912 158.0
84.620686195 141.0
84.633816478 131.0
84.646946760 169.0
84.660077043 147.0
84.673207326 147.0
84.686337608 151.0
84.699467891 157.0
84.712598174 164.0
84.725728456 136.0
84.738858739 148.0
84.751989022 138.0
84.765119304 113.0
84.778249587 139.0
84.791379870 165.0
84.804510152 128.0
84.817640435 134.0
84.830770718 145.0
84.843901000 145.0
84.857031283 130.0
84.870161566 136.0
84.883291849 149.0
84.896422131 159.0
84.909552414 145.0
84.922682697 150.0
84.935812979 145.0
84.948943262 150.0
84.962073545 145.0
84.975203827 160.0
84.988334110 153.0
85.001464393 153.0
85.014594675 134.0
85.027724958 122.0
85.040855241 147.0
85.053985523 121.0
85.067115806 150.0
85.080246089 136.0
85.093376371 119.0
85.106506654 115.0
85.119636937 140.0
85.132767219 151.0
85.145897502 163.0
85.159027785 126.0
85.172158067 150.0
85.185288350 140.0
85.198418633 126.0
85.211548915 145.0
85.224679198 119.0
85.237809481 119.0
85.250939763 148.0
85.264070046 138.0
85.277200329 130.0
85.290330612 135.0
85.303460894 135.0
85.316591177 163.0
85.329721460 138.0
85.342851742 129.0
85.355982025 143.0
85.369112308 130.0
85.382242590 129.0
85.395372873 127.0
85.408503156 158.0
85.421633438 139.0
85.434763721 126.0
85.447894004 148.0
85.461024286 125.0
85.474154569 149.0
85.487284852 151.0
85.500415134 130.0
85.513545417 151.0
85.526675700 134.0
85.539805982 131.0
85.552936265 124.0
85.566066548 153.0
85.579196830 147.0
85.592327113 142.0
85.605457396 136.0
85.618587678 147.0
85.631717961 120.0
85.644848244 155.0
85.657978526 124.0
85.671108809 139.0
85.684239092 135.0
85.697369375 146.0
85.710499657 164.0
85.723629940 152.0
85.736760223 137.0
85.749890505 166.0
85.763020788 151.0
85.776151071 160.0
85.789281353 125.0
85.802411636 137.0
85.815541919 140.0
85.828672201 141.0
85.841802484 131.0
85.854932767 149.0
85.868063049 142.0
85.881193332 151.0
85.894323615 137.0
85.907453897 132.0
85.920584180 136.0
85.933714463 138.0
85.946844745 124.0
85.959975028 109.0
85.973105311 153.0
85.986235593 139.0
85.999365876 131.0
86.012496159 144.0
86.025626441 135.0
86.038756724 147.0
86.051887007 143.0
86.065017289 134.0
86.078147572 162.0
86.091277855 157.0
86.104408138 154.0
86.117538420 168.0
86.130668703 157.0
86.143798986 129.0
86.156929268 131.0
86.170059551 147.0
86.183189834 148.0
86.196320116 171.0
86.209450399 132.0
86.222580682 134.0
86.235710964 144.0
86.248841247 153.0
86.261971530 144.0
86.275101812 127.0
86.288232095 138.0
86.301362378 151.0
86.314492660 131.0
86.327622943 124.0
86.340753226 139.0
86.353883508 155.0
86.367013791 136.0
86.380144074 124.0
86.393274356 135.0
86.406404639 152.0
86.419534922 136.0
86.432665204 182.0
86.445795487 145.0
86.458925770 135.0
86.472056052 139.0
86.485186335 131.0
86.498316618 134.0
86.511446901 125.0
86.524577183 127.0
86.537707466 135.0
86.550837749 137.0
86.563968031 148.0
86.577098314 119.0
86.590228597 129.0
86.603358879 133.0
86.616489162 143.0
86.629619445 118.0
86.642749727 150.0
86.655880010 122.0
86.669010293 120.0
86.682140575 132.0
86.695270858 140.0
86.708401141 113.0
86.721531423 124.0
86.734661706 131.0
86.747791989 135.0
86.760922271 145.0
86.774052554 132.0
86.787182837 115.0
86.800313119 128.0
86.813443402 107.0
86.826573685 118.0
86.839703967 132.0
86.852834250 120.0
86.865964533 129.0
86.879094815 109.0
86.892225098 141.0
86.905355381 129.0
86.918485664 125.0
86.931615946 122.0
86.944746229 127.0
86.957876512 111.0
86.971006794 115.0
86.984137077 106.0
86.997267360 117.0
87.010397642 121.0
87.023527925 122.0
87.036658208 115.0
87.049788490 116.0
87.062918773 113.0
87.076049056 128.0
87.089179338 112.0
87.102309621 129.0
87.115439904 128.0
87.128570186 112.0
87.141700469 135.0
87.154830752 120.0
87.167961034 117.0
87.181091317 135.0
87.194221600 122.0
87.207351882 106.0
87.220482165 111.0
87.233612448 116.0
87.246742730 101.0
87.259873013 127.0
87.273003296 128.0
87.286133578 116.0
87.299263861 104.0
87.312394144 101.0
87.325524427 112.0
87.338654709 108.0
87.351784992 98.0
87.364915275 111.0
87.378045557 119.0
87.391175840 102.0
87.404306123 133.0
87.417436405 113.0
87.430566688 119.0
87.443696971 89.0
87.456827253 116.0
87.469957536 117.0
87.483087819 101.0
87.496218101 117.0
87.509348384 129.0
87.522478667 124.0
87.535608949 104.0
87.548739232 113.0
87.561869515 113.0
87.574999797 93.0
87.588130080 104.0
87.601260363 125.0
87.614390645 110.0
87.627520928 116.0
87.640651211 115.0
87.653781493 114.0
87.666911776 102.0
87.680042059 108.0
87.693172341 108.0
87.706302624 109.0
87.719432907 107.0
87.732563190 98.0
87.745693472 109.0
87.758823755 112.0
87.771954038 115.0
87.785084320 98.0
87.798214603 95.0
87.811344886 104.0
87.824475168 118.0
87.837605451 110.0
87.850735734 123.0
87.863866016 103.0
87.876996299 109.0
87.890126582 97.0
87.903256864 104.0
87.916387147 102.0
87.929517430 103.0
87.942647712 108.0
87.955777995 125.0
87.968908278 113.0
87.982038560 128.0
87.995168843 112.0
88.008299126 113.0
88.021429408 102.0
88.034559691 110.0
88.047689974 109.0
88.060820256 89.0
88.073950539 108.0
88.087080822 110.0
88.100211104 103.0
88.113341387 108.0
88.126471670 119.0
88.139601953 105.0
88.152732235 124.0
88.165862518 103.0
88.178992801 104.0
88.192123083 115.0
88.205253366 85.0
88.218383649 109.0
88.231513931 122.0
88.244644214 126.0
88.257774497 104.0
88.270904779 108.0
88.284035062 104.0
88.297165345 112.0
88.310295627 98.0
88.323425910 115.0
88.336556193 132.0
88.349686475 111.0
88.362816758 104.0
88.375947041 110.0
88.389077323 97.0
88.402207606 103.0
88.415337889 127.0
88.428468171 110.0
88.441598454 110.0
88.454728737 102.0
88.467859019 115.0
88.480989302 120.0
88.494119585 116.0
88.507249867 118.0
88.520380150 119.0
88.533510433 117.0
88.546640715 113.0
88.559770998 126.0
88.572901281 124.0
88.586031564 118.0
88.599161846 110.0
88.612292129 108.0
88.625422412 125.0
88.638552694 121.0
88.651682977 113.0
88.664813260 109.0
88.677943542 106.0
88.691073825 116.0
88.704204108 115.0
88.717334390 106.0
88.730464673 120.0
88.743594956 111.0
88.756725238 115.0
88.769855521 128.0
88.782985804 127.0
88.796116086 110.0
88.809246369 110.0
88.822376652 114.0
88.835506934 102.0
88.848637217 126.0
88.861767500 112.0
88.874897782 115.0
88.888028065 111.0
88.901158348 122.0
88.914288630 101.0
88.927418913 107.0
88.940549196 108.0
88.953679478 105.0
88.966809761 112.0
88.979940044 106.0
88.993070327 102.0
89.006200609 94.0
89.019330892 131.0
89.032461175 120.0
89.045591457 98.0
89.058721740 111.0
89.071852023 114.0
89.084982305 130.0
89.098112588 102.0
89.111242871 114.0
89.124373153 113.0
89.137503436 115.0
89.150633719 113.0
89.163764001 97.0
89.176894284 115.0
89.190024567 131.0
89.203154849 111.0
89.216285132 131.0
89.229415415 110.0
89.242545697 121.0
89.255675980 103.0
89.268806263 101.0
89.281936545 119.0
89.295066828 116.0
89.308197111 99.0
89.321327393 128.0
89.334457676 98.0
89.347587959 115.0
89.360718241 105.0
89.373848524 110.0
89.386978807 97.0
89.400109090 124.0
89.413239372 109.0
89.426369655 103.0
89.439499938 121.0
89.452630220 122.0
89.465760503 117.0
89.478890786 128.0
89.492021068 124.0
89.505151351 115.0
89.518281634 100.0
89.531411916 108.0
89.544542199 121.0
89.557672482 105.0
89.570802764 127.0
89.583933047 100.0
89.597063330 105.0
89.610193612 94.0
89.623323895 114.0
89.636454178 114.0
89.649584460 113.0
89.662714743 97.0
89.675845026 104.0
89.688975308 91.0
89.702105591 106.0
89.715235874 106.0
89.728366156 107.0
89.741496439 94.0
89.754626722 111.0
89.767757004 114.0
89.780887287 108.0
89.794017570 124.0
89.807147853 103.0
89.820278135 106.0
89.833408418 100.0
89.846538701 122.0
89.859668983 112.0
89.872799266 92.0
89.885929549 109.0
89.899059831 101.0
89.912190114 105.0
89.925320397 123.0
89.938450679 100.0
89.951580962 92.0
89.964711245 95.0
89.977841527 115.0
89.990971810 111.0
